-- --------------------------------------------------------
-- Host:                         almeira
-- Versión del servidor:         5.5.28-log - MySQL Community Server (GPL)
-- SO del servidor:              Linux
-- HeidiSQL Versión:             11.0.0.5919
-- --------------------------------------------------------

/*!40101 SET @OLD_CHARACTER_SET_CLIENT=@@CHARACTER_SET_CLIENT */;
/*!40101 SET NAMES utf8 */;
/*!50503 SET NAMES utf8mb4 */;
/*!40014 SET @OLD_FOREIGN_KEY_CHECKS=@@FOREIGN_KEY_CHECKS, FOREIGN_KEY_CHECKS=0 */;
/*!40101 SET @OLD_SQL_MODE=@@SQL_MODE, SQL_MODE='NO_AUTO_VALUE_ON_ZERO' */;

-- Volcando estructura para tabla dbtelestroke.anticoagulantesorales
CREATE TABLE IF NOT EXISTS `anticoagulantesorales` (
  `IdAnticoagulanteOral` int(11) NOT NULL,
  `AnticoagulanteOral` varchar(255) DEFAULT NULL,
  PRIMARY KEY (`IdAnticoagulanteOral`)
) ENGINE=InnoDB DEFAULT CHARSET=utf8;

-- Volcando datos para la tabla dbtelestroke.anticoagulantesorales: ~6 rows (aproximadamente)
DELETE FROM `anticoagulantesorales`;
/*!40000 ALTER TABLE `anticoagulantesorales` DISABLE KEYS */;
INSERT INTO `anticoagulantesorales` (`IdAnticoagulanteOral`, `AnticoagulanteOral`) VALUES
	(1, 'Apixaban'),
	(2, 'Dabigatrán'),
	(3, 'Rivaroxabán'),
	(4, 'Enoxaparina dosis terapéutica'),
	(5, 'Warfarina'),
	(6, 'Edoxaban');
/*!40000 ALTER TABLE `anticoagulantesorales` ENABLE KEYS */;

-- Volcando estructura para tabla dbtelestroke.casos
CREATE TABLE IF NOT EXISTS `casos` (
  `IdCaso` int(11) NOT NULL AUTO_INCREMENT,
  `IdPaciente` int(11) DEFAULT NULL,
  `FechaHoraInicioCaso` datetime DEFAULT NULL,
  `FechaHoraCierreCaso` datetime DEFAULT NULL,
  `Terminado` int(11) DEFAULT NULL,
  `UsuarioID` varchar(64) NOT NULL DEFAULT '',
  `IdIPSCaso` int(10) unsigned DEFAULT NULL,
  PRIMARY KEY (`IdCaso`)
) ENGINE=InnoDB AUTO_INCREMENT=82 DEFAULT CHARSET=utf8;

-- Volcando datos para la tabla dbtelestroke.casos: ~22 rows (aproximadamente)
DELETE FROM `casos`;
/*!40000 ALTER TABLE `casos` DISABLE KEYS */;
INSERT INTO `casos` (`IdCaso`, `IdPaciente`, `FechaHoraInicioCaso`, `FechaHoraCierreCaso`, `Terminado`, `UsuarioID`, `IdIPSCaso`) VALUES
	(60, 29, '2020-06-22 20:05:32', '2020-06-23 13:15:44', 1, 'urgencias', 4),
	(61, 28, '2020-06-23 10:14:54', '2020-06-23 11:02:53', 1, 'urgencias', 7),
	(62, 29, '2020-06-23 13:20:30', '2020-06-23 14:42:20', 1, 'urgencias', 7),
	(63, 30, '2020-06-23 14:51:37', NULL, 0, 'urgencias', 5),
	(64, 47, '2020-06-23 20:51:46', NULL, 0, 'urgencias', 6),
	(65, 28, '2020-06-24 13:23:04', NULL, 0, 'urgencias', 4),
	(66, 30, '2020-06-24 13:27:24', NULL, 0, 'urgencias', 6),
	(67, 48, '2020-06-25 21:08:00', '2020-06-25 21:22:07', 1, 'urgencias', 1),
	(68, 48, '2020-06-27 12:01:48', '2020-11-16 17:19:20', 1, 'urgencias', 1),
	(69, 49, '2020-09-22 09:12:54', NULL, 0, 'urgencias', 1),
	(70, 49, '2020-09-22 09:12:54', '2020-09-22 09:29:44', 1, 'urgencias', 1),
	(71, 50, '2020-09-22 11:17:37', '2020-09-22 12:45:41', 1, 'urgencias', 1),
	(72, 51, '2020-10-07 14:30:58', '2020-10-07 15:05:53', 1, 'urgencias', 1),
	(73, 52, '2020-10-08 14:31:27', '2020-10-08 15:21:07', 1, 'urgencias', 1),
	(74, 53, '2020-10-09 14:17:52', '2020-10-09 15:34:24', 1, 'urgencias', 1),
	(75, 55, '2020-10-19 15:11:26', '2020-10-19 16:00:29', 1, 'urgencias', 1),
	(76, 57, '2020-10-22 09:56:31', '2020-10-22 10:45:49', 1, 'urgencias', 1),
	(77, 60, '2020-10-30 10:51:20', '2020-11-05 15:05:42', 1, 'urgencias', 1),
	(78, 62, '2020-11-04 12:29:53', '2020-11-04 13:26:30', 1, 'urgencias', 1),
	(79, 63, '2020-11-05 09:46:27', '2020-11-05 09:52:53', 1, 'urgencias', 1),
	(80, 65, '2020-11-17 14:41:45', '2020-11-19 10:19:06', 1, 'urgencias', 1),
	(81, 67, '2020-11-19 10:19:34', NULL, 0, 'urgencias', 1);
/*!40000 ALTER TABLE `casos` ENABLE KEYS */;

-- Volcando estructura para tabla dbtelestroke.casosmatriceseval
CREATE TABLE IF NOT EXISTS `casosmatriceseval` (
  `IdCasosMatricesEval` int(10) unsigned NOT NULL AUTO_INCREMENT,
  `IdEscenario` int(10) unsigned NOT NULL DEFAULT '0',
  `IdMatricesEvalGruposOpciones` int(10) unsigned NOT NULL DEFAULT '0',
  `IdTipoEscenario` int(10) unsigned NOT NULL DEFAULT '0',
  PRIMARY KEY (`IdCasosMatricesEval`),
  UNIQUE KEY `Unico` (`IdEscenario`,`IdMatricesEvalGruposOpciones`) USING BTREE
) ENGINE=InnoDB AUTO_INCREMENT=93 DEFAULT CHARSET=utf8;

-- Volcando datos para la tabla dbtelestroke.casosmatriceseval: ~67 rows (aproximadamente)
DELETE FROM `casosmatriceseval`;
/*!40000 ALTER TABLE `casosmatriceseval` DISABLE KEYS */;
INSERT INTO `casosmatriceseval` (`IdCasosMatricesEval`, `IdEscenario`, `IdMatricesEvalGruposOpciones`, `IdTipoEscenario`) VALUES
	(1, 4, 572, 3),
	(2, 4, 574, 3),
	(3, 4, 577, 3),
	(4, 4, 578, 3),
	(5, 4, 580, 3),
	(6, 26, 573, 3),
	(7, 26, 575, 3),
	(8, 26, 576, 3),
	(9, 26, 578, 3),
	(10, 26, 580, 3),
	(11, 26, 49, 1),
	(12, 26, 53, 1),
	(13, 26, 60, 1),
	(14, 26, 339, 2),
	(15, 26, 344, 2),
	(16, 26, 347, 2),
	(17, 26, 357, 2),
	(18, 26, 349, 2),
	(19, 26, 354, 2),
	(20, 26, 384, 2),
	(21, 26, 389, 2),
	(22, 26, 395, 2),
	(23, 26, 373, 2),
	(24, 26, 360, 2),
	(25, 26, 365, 2),
	(26, 26, 367, 2),
	(27, 26, 370, 2),
	(28, 26, 555, 2),
	(29, 26, 556, 2),
	(30, 26, 558, 2),
	(31, 26, 559, 2),
	(32, 26, 563, 2),
	(58, 30, 572, 3),
	(59, 30, 575, 3),
	(60, 30, 577, 3),
	(61, 30, 582, 3),
	(62, 30, 581, 3),
	(63, 31, 573, 3),
	(64, 31, 575, 3),
	(65, 31, 577, 3),
	(66, 31, 578, 3),
	(67, 31, 580, 3),
	(68, 33, 573, 3),
	(69, 33, 574, 3),
	(70, 33, 577, 3),
	(71, 33, 578, 3),
	(72, 33, 581, 3),
	(73, 34, 429, 1),
	(74, 34, 431, 1),
	(75, 34, 433, 1),
	(76, 34, 437, 1),
	(77, 34, 440, 1),
	(78, 35, 572, 3),
	(79, 35, 575, 3),
	(80, 35, 577, 3),
	(81, 35, 582, 3),
	(82, 35, 581, 3),
	(83, 38, 573, 3),
	(84, 38, 575, 3),
	(85, 38, 577, 3),
	(86, 38, 582, 3),
	(87, 38, 580, 3),
	(88, 39, 573, 3),
	(89, 39, 575, 3),
	(90, 39, 577, 3),
	(91, 39, 582, 3),
	(92, 39, 580, 3);
/*!40000 ALTER TABLE `casosmatriceseval` ENABLE KEYS */;

-- Volcando estructura para tabla dbtelestroke.departamentos
CREATE TABLE IF NOT EXISTS `departamentos` (
  `CODDPTO` varchar(2) NOT NULL,
  `DPTO` varchar(255) DEFAULT NULL,
  PRIMARY KEY (`CODDPTO`)
) ENGINE=InnoDB DEFAULT CHARSET=utf8;

-- Volcando datos para la tabla dbtelestroke.departamentos: ~33 rows (aproximadamente)
DELETE FROM `departamentos`;
/*!40000 ALTER TABLE `departamentos` DISABLE KEYS */;
INSERT INTO `departamentos` (`CODDPTO`, `DPTO`) VALUES
	('05', 'ANTIOQUIA'),
	('08', 'ATLÁNTICO'),
	('11', 'BOGOTÁ, D.C.'),
	('13', 'BOLÍVAR'),
	('15', 'BOYACÁ'),
	('17', 'CALDAS'),
	('18', 'CAQUETÁ'),
	('19', 'CAUCA'),
	('20', 'CESAR'),
	('23', 'CÓRDOBA'),
	('25', 'CUNDINAMARCA'),
	('27', 'CHOCÓ'),
	('41', 'HUILA'),
	('44', 'LA GUAJIRA'),
	('47', 'MAGDALENA'),
	('50', 'META'),
	('52', 'NARIÑO'),
	('54', 'NORTE DE SANTANDER'),
	('63', 'QUINDIO'),
	('66', 'RISARALDA'),
	('68', 'SANTANDER'),
	('70', 'SUCRE'),
	('73', 'TOLIMA'),
	('76', 'VALLE DEL CAUCA'),
	('81', 'ARAUCA'),
	('85', 'CASANARE'),
	('86', 'PUTUMAYO'),
	('88', 'ARCHIPIÉLAGO DE SAN ANDRÉS, PROVIDENCIA Y SANTA CATALINA'),
	('91', 'AMAZONAS'),
	('94', 'GUAINÍA'),
	('95', 'GUAVIARE'),
	('97', 'VAUPÉS'),
	('99', 'VICHADA');
/*!40000 ALTER TABLE `departamentos` ENABLE KEYS */;

-- Volcando estructura para tabla dbtelestroke.escenario1
CREATE TABLE IF NOT EXISTS `escenario1` (
  `IdEscenario` int(10) unsigned NOT NULL AUTO_INCREMENT,
  `UsuarioID` varchar(64) NOT NULL DEFAULT '',
  `IdCaso` int(10) unsigned NOT NULL DEFAULT '0',
  `EstadoEdicion` int(10) unsigned DEFAULT NULL,
  `IdIPSEscenario` int(10) unsigned NOT NULL DEFAULT '0',
  `FechaHoraInicioEscenario` datetime DEFAULT NULL,
  `ConsecutivoAdmision` varchar(255) DEFAULT NULL,
  `EscenarioCerrado` int(10) unsigned NOT NULL DEFAULT '0',
  `FechaHoraCierreEscenario` datetime DEFAULT NULL,
  `NivelTriage` int(11) DEFAULT NULL,
  `TriageBreveHC` varchar(45) DEFAULT NULL,
  `TriageMedioIngreso` varchar(255) DEFAULT NULL,
  `EscalaBEFAST` int(11) DEFAULT NULL,
  `CodigoACVActivado` int(11) DEFAULT NULL,
  `FechaLlegadaPuertaUrgencias` date DEFAULT NULL,
  `HoraLlegadaPuertaUrgencias` time DEFAULT NULL,
  `WakeUpStroke` int(11) DEFAULT NULL,
  `FechaInicioSintomas` date DEFAULT NULL,
  `HoraInicioSintomas` time DEFAULT NULL,
  `TiempoEvolucionHoras` int(11) DEFAULT NULL,
  `IdTipoTiempo` int(11) DEFAULT NULL,
  `Edad` int(11) DEFAULT NULL,
  `SignosSintomasNeurologicos` varchar(255) DEFAULT NULL,
  `AntecedentesMedicosRelevantes` varchar(255) DEFAULT NULL,
  `HallazgosRelevantes` varchar(255) DEFAULT NULL,
  `AntecedenteAnticoagulantesOrales` int(11) DEFAULT NULL,
  `IdAnticoagulanteOral` int(11) DEFAULT NULL,
  `LabGlucometria` double unsigned DEFAULT NULL,
  `PersistenSintomasLuegoDextrosa` int(11) DEFAULT NULL,
  `PersistenSintomasGlasgowMayor8` int(11) DEFAULT NULL,
  `ExamenNeurologico` varchar(255) DEFAULT NULL,
  `HuboReanimacionCardiopulmonar` int(11) DEFAULT NULL,
  `EscalaGlasgow` int(11) DEFAULT NULL,
  `AsemejaACVoMimic` int(11) DEFAULT NULL,
  `EscalaABCD2` int(11) DEFAULT NULL,
  `RiesgoACVa2dias` double DEFAULT NULL,
  `RiesgoACVa7dias` double DEFAULT NULL,
  `RiesgoACVa90dias` double DEFAULT NULL,
  `InicioEstatina` int(11) DEFAULT NULL,
  `EscalaFASTED` int(11) DEFAULT NULL,
  `PredictorACVIsquemicoCircPosterior` int(11) DEFAULT NULL,
  `IdTipoCircIsque` int(11) DEFAULT NULL,
  `SugerenciaRemision` varchar(255) DEFAULT NULL,
  `IdIPSReferencia` int(11) DEFAULT NULL,
  `IdTipoEscenarioReferencia` int(11) DEFAULT NULL,
  `FechaHoraRemisionAIPSReferencia` datetime DEFAULT NULL,
  `listaCampos` text,
  `ultimomodulo` varchar(255) DEFAULT NULL,
  `TimeFinTriage` datetime DEFAULT NULL,
  `TimeFinTiempoEvento` datetime DEFAULT NULL,
  `TimeFinActivacionCodigoACV` datetime DEFAULT NULL,
  `TimeFinHistoriaClinica` datetime DEFAULT NULL,
  `TimeFinLaboratorio` datetime DEFAULT NULL,
  `TimeFinExamenFisico` datetime DEFAULT NULL,
  `TimeFinEscalaABCD2` datetime DEFAULT NULL,
  `TimeFinEscalaFASTED` datetime DEFAULT NULL,
  `TimeFinCircPosterior` datetime DEFAULT NULL,
  PRIMARY KEY (`IdEscenario`),
  UNIQUE KEY `Unico` (`IdCaso`,`IdIPSEscenario`)
) ENGINE=InnoDB AUTO_INCREMENT=28 DEFAULT CHARSET=utf8;

-- Volcando datos para la tabla dbtelestroke.escenario1: ~3 rows (aproximadamente)
DELETE FROM `escenario1`;
/*!40000 ALTER TABLE `escenario1` DISABLE KEYS */;
INSERT INTO `escenario1` (`IdEscenario`, `UsuarioID`, `IdCaso`, `EstadoEdicion`, `IdIPSEscenario`, `FechaHoraInicioEscenario`, `ConsecutivoAdmision`, `EscenarioCerrado`, `FechaHoraCierreEscenario`, `NivelTriage`, `TriageBreveHC`, `TriageMedioIngreso`, `EscalaBEFAST`, `CodigoACVActivado`, `FechaLlegadaPuertaUrgencias`, `HoraLlegadaPuertaUrgencias`, `WakeUpStroke`, `FechaInicioSintomas`, `HoraInicioSintomas`, `TiempoEvolucionHoras`, `IdTipoTiempo`, `Edad`, `SignosSintomasNeurologicos`, `AntecedentesMedicosRelevantes`, `HallazgosRelevantes`, `AntecedenteAnticoagulantesOrales`, `IdAnticoagulanteOral`, `LabGlucometria`, `PersistenSintomasLuegoDextrosa`, `PersistenSintomasGlasgowMayor8`, `ExamenNeurologico`, `HuboReanimacionCardiopulmonar`, `EscalaGlasgow`, `AsemejaACVoMimic`, `EscalaABCD2`, `RiesgoACVa2dias`, `RiesgoACVa7dias`, `RiesgoACVa90dias`, `InicioEstatina`, `EscalaFASTED`, `PredictorACVIsquemicoCircPosterior`, `IdTipoCircIsque`, `SugerenciaRemision`, `IdIPSReferencia`, `IdTipoEscenarioReferencia`, `FechaHoraRemisionAIPSReferencia`, `listaCampos`, `ultimomodulo`, `TimeFinTriage`, `TimeFinTiempoEvento`, `TimeFinActivacionCodigoACV`, `TimeFinHistoriaClinica`, `TimeFinLaboratorio`, `TimeFinExamenFisico`, `TimeFinEscalaABCD2`, `TimeFinEscalaFASTED`, `TimeFinCircPosterior`) VALUES
	(25, 'urgencias', 60, 1, 4, '2020-06-22 20:06:28', '4001', 1, '2020-06-22 20:09:18', 1, 'Bhc', 'Ambulancia', 2, 1, '2020-06-22', '20:07:16', 1, NULL, NULL, NULL, -1, 39, 'Ss', 'Amr', 'Hr', 0, -1, 68, -1, -1, 'En', 0, 5, -1, NULL, NULL, NULL, NULL, 0, NULL, NULL, -1, 'URGENTE A E3.', 1, 3, '2020-06-22 20:09:16', 'tableInicioSintomas;divEscalaBEFAST;TableIdAnticoagulanteOral;tablePersistenSintomasLuegoDextrosa;divEscalaGlasgow;mudulo_evaluacionventana;tabla_persistensintomasGlasgowMayor8;tableMatrizEscalaFASTED;divMatrizEscalaFASTED;tablaPredictorACVIsquemicoCircPosterior;divMatrizPredictorACVIsquemicoCircPosterior;tableIdTipoCircIsque;mudulo_tiaomimic;tableAsemejaACVoMimic;tableEscalaABCD2;divMatrizEscalaABCD2', 'mudulo_sugerenciaremision', '2020-06-22 20:07:10', '2020-06-22 20:07:24', '2020-06-22 20:07:40', '2020-06-22 20:08:31', '2020-06-22 20:08:40', '2020-06-22 20:09:00', NULL, NULL, NULL),
	(26, 'urgencias', 63, 1, 5, '2020-06-23 14:54:42', '5001', 0, NULL, -1, NULL, NULL, NULL, -1, NULL, NULL, -1, NULL, NULL, NULL, -1, NULL, NULL, NULL, NULL, -1, -1, NULL, -1, -1, NULL, -1, NULL, -1, NULL, NULL, NULL, NULL, NULL, NULL, NULL, -1, NULL, -1, NULL, NULL, 'mudulo_tiempoevento;tableInicioSintomas;mudulo_activacioncodigoacv;divEscalaBEFAST;tableCodigoACVActivado;mudulo_historiaclinica;TableIdAnticoagulanteOral;mudulo_laboratorio;tablePersistenSintomasLuegoDextrosa;mudulo_examenfisico;divEscalaGlasgow;mudulo_evaluacionventana;tabla_persistensintomasGlasgowMayor8;tableMatrizEscalaFASTED;divMatrizEscalaFASTED;tablaPredictorACVIsquemicoCircPosterior;divMatrizPredictorACVIsquemicoCircPosterior;tableIdTipoCircIsque;mudulo_tiaomimic;tableAsemejaACVoMimic;tableEscalaABCD2;divMatrizEscalaABCD2;mudulo_sugerenciaremision;tableIdIPSReferencia;divCerrarEscenario', NULL, NULL, NULL, NULL, NULL, NULL, NULL, NULL, NULL, NULL),
	(27, 'urgencias', 65, 1, 4, '2020-06-24 13:23:26', '4002', 0, NULL, 1, 'bhc3', 'mip3', NULL, -1, '2020-06-24', '13:23:48', 0, '2020-06-24', '12:21:00', 1, 1, NULL, NULL, NULL, NULL, NULL, NULL, NULL, NULL, NULL, NULL, NULL, NULL, NULL, NULL, NULL, NULL, NULL, NULL, NULL, NULL, NULL, NULL, NULL, NULL, NULL, 'divEscalaBEFAST;mudulo_historiaclinica;mudulo_laboratorio;mudulo_examenfisico;mudulo_evaluacionventana;mudulo_sugerenciaremision;divCerrarEscenario', 'mudulo_activacioncodigoacv', '2020-06-24 13:23:45', '2020-06-24 13:24:05', NULL, NULL, NULL, NULL, NULL, NULL, NULL);
/*!40000 ALTER TABLE `escenario1` ENABLE KEYS */;

-- Volcando estructura para tabla dbtelestroke.escenario2
CREATE TABLE IF NOT EXISTS `escenario2` (
  `IdEscenario` int(10) unsigned NOT NULL AUTO_INCREMENT,
  `UsuarioID` varchar(64) NOT NULL DEFAULT '',
  `IdCaso` int(10) unsigned NOT NULL DEFAULT '0',
  `EstadoEdicion` int(10) unsigned DEFAULT NULL,
  `IdIPSEscenario` int(10) unsigned NOT NULL DEFAULT '0',
  `FechaHoraInicioEscenario` datetime DEFAULT NULL,
  `ConsecutivoAdmision` varchar(255) DEFAULT NULL,
  `EscenarioCerrado` int(10) unsigned NOT NULL DEFAULT '0',
  `FechaHoraCierreEscenario` datetime DEFAULT NULL,
  `CodigoACVActivadoPrehospitalario` int(11) DEFAULT NULL,
  `NivelTriage` int(11) DEFAULT NULL,
  `TriageBreveHC` varchar(45) DEFAULT NULL,
  `TriageMedioIngreso` varchar(255) DEFAULT NULL,
  `EscalaBEFAST` int(11) DEFAULT NULL,
  `EmergenciologoActivaCodigoACV` int(11) DEFAULT NULL,
  `CodigoACVActivado` int(11) DEFAULT NULL,
  `FechaLlegadaPuertaUrgencias` date DEFAULT NULL,
  `HoraLlegadaPuertaUrgencias` time DEFAULT NULL,
  `WakeUpStroke` int(11) DEFAULT NULL,
  `FechaInicioSintomas` date DEFAULT NULL,
  `HoraInicioSintomas` time DEFAULT NULL,
  `TiempoEvolucionHoras` int(11) DEFAULT NULL,
  `IdTipoTiempo` int(11) DEFAULT NULL,
  `Edad` int(11) DEFAULT NULL,
  `SignosSintomasNeurologicos` varchar(255) DEFAULT NULL,
  `AntecedentesMedicosRelevantes` varchar(255) DEFAULT NULL,
  `HallazgosRelevantes` varchar(255) DEFAULT NULL,
  `AntecedenteAnticoagulantesOrales` int(11) DEFAULT NULL,
  `IdAnticoagulanteOral` int(11) DEFAULT NULL,
  `LabGlucometria` double DEFAULT NULL,
  `LabPT` double DEFAULT NULL,
  `LabTPT` double DEFAULT NULL,
  `LabPlaquetas` double DEFAULT NULL,
  `LabINR` double DEFAULT NULL,
  `LabHemograma` double DEFAULT NULL,
  `PersistenSintomasLuegoDextrosa` int(11) DEFAULT NULL,
  `ExamenNeurologico` varchar(255) DEFAULT NULL,
  `HuboReanimacionCardiopulmonar` int(11) DEFAULT NULL,
  `EscalaGlasgow` int(11) DEFAULT NULL,
  `EscalaNIHSS` int(11) DEFAULT NULL,
  `SugiereTACCraneoSimple` int(11) DEFAULT NULL,
  `SugiereAngioTACCraneo` int(11) DEFAULT NULL,
  `IdTipoACVenTAC` int(11) DEFAULT NULL,
  `IdTipoHemo` int(11) DEFAULT NULL,
  `EscalaICH` int(11) DEFAULT NULL,
  `EscalaFisher` int(11) DEFAULT NULL,
  `EscalaWFNS` int(11) DEFAULT NULL,
  `HayHemorragiaActiva` int(11) DEFAULT NULL,
  `IdTipoCircIsque` int(11) DEFAULT NULL,
  `IdTiempoInfarto` int(11) DEFAULT NULL,
  `EstableHemodinamicamente` int(11) DEFAULT NULL,
  `ASPECTS` int(11) DEFAULT NULL,
  `RiesgoTromboEndovenosaAbsoluta` int(11) DEFAULT NULL,
  `RiesgoTromboEndovenosaRelativa` int(11) DEFAULT NULL,
  `TrombolizarConRelMayor0` int(11) DEFAULT NULL,
  `JustificacionTrombolizarConRelMayor0` varchar(255) DEFAULT NULL,
  `AdminTrombolisisEndovenosa` int(11) DEFAULT NULL,
  `HayOclusionVasosGrandes` int(11) DEFAULT NULL,
  `PersistenSintomasTACnormal` int(11) DEFAULT NULL,
  `AsemejaACVoMimic` int(11) DEFAULT NULL,
  `EscalaABCD2` int(11) DEFAULT NULL,
  `RiesgoACVa2dias` double DEFAULT NULL,
  `RiesgoACVa7dias` double DEFAULT NULL,
  `RiesgoACVa90dias` double DEFAULT NULL,
  `InicioEstatina` int(11) DEFAULT NULL,
  `SugerenciaRemision` varchar(255) DEFAULT NULL,
  `IdIPSReferencia` int(11) DEFAULT NULL,
  `IdTipoEscenarioReferencia` int(11) DEFAULT NULL,
  `FechaHoraRemisionAIPSReferencia` datetime DEFAULT NULL,
  `listaCampos` text,
  `ultimomodulo` varchar(255) DEFAULT NULL,
  `TimeFinTriage` datetime DEFAULT NULL,
  `TimeFinTiempoEvento` datetime DEFAULT NULL,
  `TimeFinActivacionCodigoACV` datetime DEFAULT NULL,
  `TimeFinHistoriaClinica` datetime DEFAULT NULL,
  `TimeFinLaboratorio` datetime DEFAULT NULL,
  `TimeFinExamenFisico` datetime DEFAULT NULL,
  `TimeFinEscalaABCD2` datetime DEFAULT NULL,
  `TimeSugiereTACCraneoSimple` datetime DEFAULT NULL,
  `TimeFinTipoACVenTAC` datetime DEFAULT NULL,
  `TimeFinASPECTS` datetime DEFAULT NULL,
  `TimeFinRiesgoTromboEndovenosa` datetime DEFAULT NULL,
  `TimeFinOclusionVasosGrandes` datetime DEFAULT NULL,
  PRIMARY KEY (`IdEscenario`),
  UNIQUE KEY `Unico` (`IdCaso`,`IdIPSEscenario`) USING BTREE
) ENGINE=InnoDB AUTO_INCREMENT=5 DEFAULT CHARSET=utf8;

-- Volcando datos para la tabla dbtelestroke.escenario2: ~4 rows (aproximadamente)
DELETE FROM `escenario2`;
/*!40000 ALTER TABLE `escenario2` DISABLE KEYS */;
INSERT INTO `escenario2` (`IdEscenario`, `UsuarioID`, `IdCaso`, `EstadoEdicion`, `IdIPSEscenario`, `FechaHoraInicioEscenario`, `ConsecutivoAdmision`, `EscenarioCerrado`, `FechaHoraCierreEscenario`, `CodigoACVActivadoPrehospitalario`, `NivelTriage`, `TriageBreveHC`, `TriageMedioIngreso`, `EscalaBEFAST`, `EmergenciologoActivaCodigoACV`, `CodigoACVActivado`, `FechaLlegadaPuertaUrgencias`, `HoraLlegadaPuertaUrgencias`, `WakeUpStroke`, `FechaInicioSintomas`, `HoraInicioSintomas`, `TiempoEvolucionHoras`, `IdTipoTiempo`, `Edad`, `SignosSintomasNeurologicos`, `AntecedentesMedicosRelevantes`, `HallazgosRelevantes`, `AntecedenteAnticoagulantesOrales`, `IdAnticoagulanteOral`, `LabGlucometria`, `LabPT`, `LabTPT`, `LabPlaquetas`, `LabINR`, `LabHemograma`, `PersistenSintomasLuegoDextrosa`, `ExamenNeurologico`, `HuboReanimacionCardiopulmonar`, `EscalaGlasgow`, `EscalaNIHSS`, `SugiereTACCraneoSimple`, `SugiereAngioTACCraneo`, `IdTipoACVenTAC`, `IdTipoHemo`, `EscalaICH`, `EscalaFisher`, `EscalaWFNS`, `HayHemorragiaActiva`, `IdTipoCircIsque`, `IdTiempoInfarto`, `EstableHemodinamicamente`, `ASPECTS`, `RiesgoTromboEndovenosaAbsoluta`, `RiesgoTromboEndovenosaRelativa`, `TrombolizarConRelMayor0`, `JustificacionTrombolizarConRelMayor0`, `AdminTrombolisisEndovenosa`, `HayOclusionVasosGrandes`, `PersistenSintomasTACnormal`, `AsemejaACVoMimic`, `EscalaABCD2`, `RiesgoACVa2dias`, `RiesgoACVa7dias`, `RiesgoACVa90dias`, `InicioEstatina`, `SugerenciaRemision`, `IdIPSReferencia`, `IdTipoEscenarioReferencia`, `FechaHoraRemisionAIPSReferencia`, `listaCampos`, `ultimomodulo`, `TimeFinTriage`, `TimeFinTiempoEvento`, `TimeFinActivacionCodigoACV`, `TimeFinHistoriaClinica`, `TimeFinLaboratorio`, `TimeFinExamenFisico`, `TimeFinEscalaABCD2`, `TimeSugiereTACCraneoSimple`, `TimeFinTipoACVenTAC`, `TimeFinASPECTS`, `TimeFinRiesgoTromboEndovenosa`, `TimeFinOclusionVasosGrandes`) VALUES
	(1, 'urgencias', 61, 1, 7, '2020-06-23 10:15:13', '70001', 1, '2020-06-23 11:03:04', 0, 1, 'bhc', 'mip', 1, -1, 1, '2020-06-23', '11:00:06', 0, '2020-06-23', '10:25:00', 1, 1, 68, 'ssn', 'amr; Tabaquismo', 'hr', 0, -1, 110, NULL, NULL, NULL, NULL, NULL, -1, 'en', 0, 12, 0, 1, 1, 1, 1, NULL, 2, 3, 0, -1, -1, -1, NULL, NULL, NULL, -1, NULL, 0, -1, -1, -1, NULL, NULL, NULL, NULL, 0, 'Traslado a UCI.', -1, 0, '2020-06-23 11:02:53', 'divEscalaBEFAST;tableEmergenciologoActivaCodigoACV;tableCodigoACVActivado;TableIdAnticoagulanteOral;tablePersistenSintomasLuegoDextrosa;divEscalaGlasgow;divMatrizCalcEscalaNIHSS;divEscalaHIHSSgraficos;divEscalaFisher;divEscalaWFNS;tableEscalaICH;divEscalaICH;tablePersistenSintomasTACnormal;mudulo_acvisquemico;tableIdTipoCircIsque;tableIdTiempoInfarto;tableEstableHemodinamicamente;tableASPECTS;tableRiesgoTromboEndovenosaAbsoluta;divRiesgoTromboEndovenosaAbsoluta;tableRiesgoTromboEndovenosaRelativa;divRiesgoTromboEndovenosaRelativa;tableTrombolizarConRelMayor0;tableJustificacionTrombolizarConRelMayor0;tableHayOclusionVasosGrandes;mudulo_tiaomimic;tableAsemejaACVoMimic;tableEscalaABCD2;divMatrizEscalaABCD2;tableIdIPSReferencia', 'mudulo_sugerenciaremision', '2020-06-23 11:00:05', '2020-06-23 11:00:29', '2020-06-23 11:00:35', '2020-06-23 11:01:07', '2020-06-23 11:01:11', '2020-06-23 11:02:19', NULL, '2020-06-23 11:02:20', '2020-06-23 11:02:26', NULL, NULL, NULL),
	(2, 'urgencias', 62, 1, 7, '2020-06-23 13:21:22', '70002', 1, '2020-06-23 14:43:14', 0, 2, 'bhc2', 'mip2', 1, -1, 1, '2020-06-23', '13:41:31', 0, '2020-06-23', '11:05:00', 3, 1, 28, 'ssn2', 'amr2', 'hr2', 0, -1, 90, NULL, NULL, NULL, NULL, NULL, -1, 'en2', 0, 2, 20, 1, 1, 2, -1, NULL, NULL, NULL, -1, 1, 0, -1, 8, 1, 0, -1, NULL, 0, 0, -1, -1, NULL, NULL, NULL, NULL, 0, 'Traslado a UCI.', -1, 0, '2020-06-23 14:42:20', 'divEscalaBEFAST;tableEmergenciologoActivaCodigoACV;TableIdAnticoagulanteOral;tablePersistenSintomasLuegoDextrosa;divEscalaGlasgow;divMatrizCalcEscalaNIHSS;divEscalaHIHSSgraficos;tableIdTipoHemo;tableEscalaFisher;divEscalaFisher;tableEscalaWFNS;divEscalaWFNS;tableEscalaICH;divEscalaICH;tableHayHemorragiaActiva;tablePersistenSintomasTACnormal;tableEstableHemodinamicamente;divRiesgoTromboEndovenosaAbsoluta;divRiesgoTromboEndovenosaRelativa;tableTrombolizarConRelMayor0;tableJustificacionTrombolizarConRelMayor0;mudulo_tiaomimic;tableAsemejaACVoMimic;tableEscalaABCD2;divMatrizEscalaABCD2;tableIdIPSReferencia', 'mudulo_sugerenciaremision', '2020-06-23 13:41:29', '2020-06-23 13:42:05', '2020-06-23 13:42:11', '2020-06-23 13:43:22', '2020-06-23 13:43:29', '2020-06-23 13:57:00', NULL, '2020-06-23 13:57:02', '2020-06-23 14:41:02', '2020-06-23 14:41:36', '2020-06-23 14:42:16', '2020-06-23 14:42:20'),
	(3, 'urgencias', 64, 1, 6, '2020-06-23 20:52:10', '60001', 0, NULL, 0, 2, 'bhc', 'mip', NULL, -1, -1, NULL, NULL, -1, NULL, NULL, NULL, -1, NULL, NULL, NULL, NULL, -1, -1, NULL, NULL, NULL, NULL, NULL, NULL, -1, NULL, -1, NULL, NULL, 0, 0, -1, -1, NULL, NULL, NULL, -1, -1, -1, -1, NULL, NULL, NULL, -1, NULL, 0, -1, -1, -1, NULL, NULL, NULL, NULL, 0, NULL, -1, NULL, NULL, 'tableInicioSintomas;mudulo_activacioncodigoacv;divEscalaBEFAST;tableEmergenciologoActivaCodigoACV;tableCodigoACVActivado;mudulo_historiaclinica;TableIdAnticoagulanteOral;mudulo_laboratorio;tablePersistenSintomasLuegoDextrosa;mudulo_examenfisico;divEscalaGlasgow;divMatrizCalcEscalaNIHSS;divEscalaHIHSSgraficos;mudulo_evaluacionventana;tableIdTipoACVenTAC;tableIdTipoHemo;tableEscalaFisher;divEscalaFisher;tableEscalaWFNS;divEscalaWFNS;tableEscalaICH;divEscalaICH;tableHayHemorragiaActiva;tablePersistenSintomasTACnormal;mudulo_acvisquemico;tableIdTipoCircIsque;tableIdTiempoInfarto;tableEstableHemodinamicamente;tableASPECTS;tableRiesgoTromboEndovenosaAbsoluta;divRiesgoTromboEndovenosaAbsoluta;tableRiesgoTromboEndovenosaRelativa;divRiesgoTromboEndovenosaRelativa;tableTrombolizarConRelMayor0;tableJustificacionTrombolizarConRelMayor0;tableHayOclusionVasosGrandes;mudulo_tiaomimic;tableAsemejaACVoMimic;tableEscalaABCD2;divMatrizEscalaABCD2;mudulo_sugerenciaremision;tableIdIPSReferencia;divCerrarEscenario', 'mudulo_tiempoevento', '2020-06-24 13:26:57', NULL, NULL, NULL, NULL, NULL, NULL, NULL, NULL, NULL, NULL, NULL),
	(4, 'urgencias', 66, 1, 6, '2020-06-24 13:27:40', '60002', 1, '2020-06-24 13:29:58', 1, -1, NULL, NULL, 4, -1, 1, '2020-06-24', '13:28:06', 1, NULL, NULL, NULL, -1, 69, 'ss', 'aaa; Tabaquismo', 'hhhhhhhhh', 1, 5, 90, NULL, NULL, NULL, NULL, NULL, -1, 'en', 0, 4, 20, 0, 0, -1, -1, NULL, NULL, NULL, -1, -1, -1, -1, NULL, NULL, NULL, -1, NULL, 0, -1, -1, -1, NULL, NULL, NULL, NULL, 0, 'URGENTE A E3.', 2, 3, '2020-06-24 13:29:53', 'mudulo_triage;tableInicioSintomas;divEscalaBEFAST;matrizEval-24;grupoEval-84;grupoEval-85;grupoEval-86;grupoEval-87;grupoEval-88;resumenPuntajeMatriz_24;tableEmergenciologoActivaCodigoACV;tablePersistenSintomasLuegoDextrosa;divEscalaGlasgow;divMatrizCalcEscalaNIHSS;divEscalaHIHSSgraficos;mudulo_evaluacionventana;tableIdTipoACVenTAC;tableIdTipoHemo;tableEscalaFisher;divEscalaFisher;tableEscalaWFNS;divEscalaWFNS;tableEscalaICH;divEscalaICH;tableHayHemorragiaActiva;tablePersistenSintomasTACnormal;mudulo_acvisquemico;tableIdTipoCircIsque;tableIdTiempoInfarto;tableEstableHemodinamicamente;tableASPECTS;tableRiesgoTromboEndovenosaAbsoluta;divRiesgoTromboEndovenosaAbsoluta;tableRiesgoTromboEndovenosaRelativa;divRiesgoTromboEndovenosaRelativa;tableTrombolizarConRelMayor0;tableJustificacionTrombolizarConRelMayor0;tableHayOclusionVasosGrandes;mudulo_tiaomimic;tableAsemejaACVoMimic;tableEscalaABCD2;divMatrizEscalaABCD2', 'mudulo_sugerenciaremision', NULL, '2020-06-24 13:28:16', '2020-06-24 13:29:04', '2020-06-24 13:29:25', '2020-06-24 13:29:30', '2020-06-24 13:29:48', NULL, NULL, NULL, NULL, NULL, NULL);
/*!40000 ALTER TABLE `escenario2` ENABLE KEYS */;

-- Volcando estructura para tabla dbtelestroke.escenario3
CREATE TABLE IF NOT EXISTS `escenario3` (
  `IdEscenario` int(10) unsigned NOT NULL AUTO_INCREMENT COMMENT 'ID ESCENARIO',
  `UsuarioID` varchar(64) NOT NULL DEFAULT '',
  `IdCaso` int(10) unsigned NOT NULL DEFAULT '0',
  `EstadoEdicion` int(10) unsigned DEFAULT NULL,
  `IdIPSEscenario` int(10) unsigned NOT NULL DEFAULT '0',
  `FechaHoraInicioEscenario` datetime DEFAULT NULL,
  `ConsecutivoAdmision` varchar(255) DEFAULT NULL,
  `EscenarioCerrado` int(10) unsigned NOT NULL DEFAULT '0',
  `FechaHoraCierreEscenario` datetime DEFAULT NULL,
  `CodigoACVActivadoPrehospitalario` int(11) DEFAULT NULL,
  `NivelTriage` int(11) DEFAULT NULL,
  `TriageBreveHC` varchar(45) DEFAULT NULL,
  `TriageMedioIngreso` varchar(255) DEFAULT NULL,
  `EscalaBEFAST` int(11) DEFAULT NULL,
  `EmergenciologoActivaCodigoACV` int(11) DEFAULT NULL,
  `CodigoACVActivado` int(11) DEFAULT NULL,
  `FechaInicioSintomas` date DEFAULT NULL,
  `HoraInicioSintomas` time DEFAULT NULL,
  `FechaLlegadaPuertaUrgencias` date DEFAULT NULL,
  `HoraLlegadaPuertaUrgencias` time DEFAULT NULL,
  `TiempoEvolucionHoras` int(11) DEFAULT NULL,
  `IdTipoTiempo` int(11) DEFAULT NULL,
  `Edad` int(11) DEFAULT NULL,
  `SignosSintomasNeurologicos` varchar(255) DEFAULT NULL,
  `AntecedentesMedicosRelevantes` varchar(255) DEFAULT NULL,
  `HallazgosRelevantes` varchar(255) DEFAULT NULL,
  `AntecedenteAnticoagulantesOrales` int(11) DEFAULT NULL,
  `IdAnticoagulanteOral` int(11) DEFAULT NULL,
  `LabGlucometria` double DEFAULT NULL,
  `LabPT` double DEFAULT NULL,
  `LabTPT` double DEFAULT NULL,
  `LabPlaquetas` double DEFAULT NULL,
  `LabINR` double DEFAULT NULL,
  `LabHemograma` double DEFAULT NULL,
  `PersistenSintomasLuegoDextrosa` int(11) DEFAULT NULL,
  `ExamenNeurologico` varchar(255) DEFAULT NULL,
  `HuboReanimacionCardiopulmonar` int(11) DEFAULT NULL,
  `EscalaGlasgow` int(11) DEFAULT NULL,
  `EscalaNIHSS` int(11) DEFAULT NULL,
  `SugiereTACCraneoSimple` int(11) DEFAULT NULL,
  `SugiereRMCraneoSimple` int(11) DEFAULT NULL,
  `SugiereTACdePerfusion` int(11) DEFAULT NULL,
  `SugiereAngioTACCraneo` int(11) DEFAULT NULL,
  `AdminTrombolisisEndovenosa` int(11) DEFAULT NULL,
  `AdminTrombolisisEndovascular` int(11) DEFAULT NULL,
  `InicioEstatina` int(11) DEFAULT NULL,
  `BeneficioEndovascularFueraVentana` int(11) DEFAULT NULL,
  `IdRMcontraindicacion` int(11) DEFAULT NULL,
  `IdTipoACVEnImagenes` int(11) DEFAULT NULL,
  `IdTipoACVEnTACGmenor8` int(11) DEFAULT NULL,
  `IdTipoHemo` int(11) DEFAULT NULL,
  `EscalaICH` int(11) DEFAULT NULL,
  `EscalaFisher` int(11) DEFAULT NULL,
  `EscalaWFNS` int(11) DEFAULT NULL,
  `HayHemorragiaActiva` int(11) DEFAULT NULL,
  `AsemejaACVoMimic` int(11) DEFAULT NULL,
  `IdTipoCircIsque` int(11) DEFAULT NULL,
  `IdTiempoInfarto` int(11) DEFAULT NULL,
  `EstableHemodinamicamente` int(11) DEFAULT NULL,
  `MedidaInfarto` int(11) DEFAULT NULL,
  `ASPECTS` int(11) DEFAULT NULL,
  `RiesgoTromboEndovenosaAbsoluta` int(11) DEFAULT NULL,
  `RiesgoTromboEndovenosaRelativa` int(11) DEFAULT NULL,
  `TrombolizarConRelMayor0` int(11) DEFAULT NULL,
  `JustificacionTrombolizarConRelMayor0` varchar(255) DEFAULT NULL,
  `HayOclusionVasosGrandes` int(11) DEFAULT NULL,
  `RiesgoTrombolisisEndovascular` int(11) DEFAULT NULL,
  `FechaHoraPuncionIngle` datetime DEFAULT NULL,
  `FechaHoraColocacionStent` datetime DEFAULT NULL,
  `FechaHoraReperfusion` datetime DEFAULT NULL,
  `TasaReperfusionPuntajeTICI` int(10) unsigned DEFAULT NULL,
  `PersistenSintomasTACnormal` int(11) DEFAULT NULL,
  `AsemejaACVoMimic2` int(11) DEFAULT NULL,
  `EscalaABCD2` int(11) DEFAULT NULL,
  `RiesgoACVa2dias` double DEFAULT NULL,
  `RiesgoACVa7dias` double DEFAULT NULL,
  `RiesgoACVa90dias` double DEFAULT NULL,
  `SugerenciaRemision` varchar(255) DEFAULT NULL,
  `FechaHoraSugerenciaSalida` datetime DEFAULT NULL,
  `WakeUpStroke` int(11) DEFAULT NULL,
  `SugiereAngioRMCraneo` int(11) DEFAULT NULL,
  `IdIPSReferencia` int(11) DEFAULT NULL,
  `IdTipoEscenarioReferencia` int(11) DEFAULT NULL,
  `FechaHoraRemisionAIPSReferencia` datetime DEFAULT NULL,
  `listaCampos` text,
  `ultimomodulo` varchar(255) DEFAULT NULL,
  `TimeFinTriage` datetime DEFAULT NULL,
  `TimeFinTiempoEvento` datetime DEFAULT NULL,
  `TimeFinActivacionCodigoACV` datetime DEFAULT NULL,
  `TimeFinHistoriaClinica` datetime DEFAULT NULL,
  `TimeFinLaboratorio` datetime DEFAULT NULL,
  `TimeFinExamenFisico` datetime DEFAULT NULL,
  `TimeFinEscalaABCD2` datetime DEFAULT NULL,
  `TimeSugiereEvalACVEnImagenes` datetime DEFAULT NULL,
  `TimeFinTipoACVenTACGmenor8` datetime DEFAULT NULL,
  `TimeFinTipoACVEnImagenes` datetime DEFAULT NULL,
  `TimeFinASPECTS` datetime DEFAULT NULL,
  `TimeFinRiesgoTromboEndovenosa` datetime DEFAULT NULL,
  `TimeFinOclusionVasosGrandes` datetime DEFAULT NULL,
  `TimeFinRiesgoTromboEndovascular` datetime DEFAULT NULL,
  `TimeFinTasaReperfusionPuntajeTICI` datetime DEFAULT NULL,
  PRIMARY KEY (`IdEscenario`),
  UNIQUE KEY `Unico` (`IdCaso`,`IdIPSEscenario`) USING BTREE
) ENGINE=InnoDB AUTO_INCREMENT=40 DEFAULT CHARSET=utf8;

-- Volcando datos para la tabla dbtelestroke.escenario3: ~13 rows (aproximadamente)
DELETE FROM `escenario3`;
/*!40000 ALTER TABLE `escenario3` DISABLE KEYS */;
INSERT INTO `escenario3` (`IdEscenario`, `UsuarioID`, `IdCaso`, `EstadoEdicion`, `IdIPSEscenario`, `FechaHoraInicioEscenario`, `ConsecutivoAdmision`, `EscenarioCerrado`, `FechaHoraCierreEscenario`, `CodigoACVActivadoPrehospitalario`, `NivelTriage`, `TriageBreveHC`, `TriageMedioIngreso`, `EscalaBEFAST`, `EmergenciologoActivaCodigoACV`, `CodigoACVActivado`, `FechaInicioSintomas`, `HoraInicioSintomas`, `FechaLlegadaPuertaUrgencias`, `HoraLlegadaPuertaUrgencias`, `TiempoEvolucionHoras`, `IdTipoTiempo`, `Edad`, `SignosSintomasNeurologicos`, `AntecedentesMedicosRelevantes`, `HallazgosRelevantes`, `AntecedenteAnticoagulantesOrales`, `IdAnticoagulanteOral`, `LabGlucometria`, `LabPT`, `LabTPT`, `LabPlaquetas`, `LabINR`, `LabHemograma`, `PersistenSintomasLuegoDextrosa`, `ExamenNeurologico`, `HuboReanimacionCardiopulmonar`, `EscalaGlasgow`, `EscalaNIHSS`, `SugiereTACCraneoSimple`, `SugiereRMCraneoSimple`, `SugiereTACdePerfusion`, `SugiereAngioTACCraneo`, `AdminTrombolisisEndovenosa`, `AdminTrombolisisEndovascular`, `InicioEstatina`, `BeneficioEndovascularFueraVentana`, `IdRMcontraindicacion`, `IdTipoACVEnImagenes`, `IdTipoACVEnTACGmenor8`, `IdTipoHemo`, `EscalaICH`, `EscalaFisher`, `EscalaWFNS`, `HayHemorragiaActiva`, `AsemejaACVoMimic`, `IdTipoCircIsque`, `IdTiempoInfarto`, `EstableHemodinamicamente`, `MedidaInfarto`, `ASPECTS`, `RiesgoTromboEndovenosaAbsoluta`, `RiesgoTromboEndovenosaRelativa`, `TrombolizarConRelMayor0`, `JustificacionTrombolizarConRelMayor0`, `HayOclusionVasosGrandes`, `RiesgoTrombolisisEndovascular`, `FechaHoraPuncionIngle`, `FechaHoraColocacionStent`, `FechaHoraReperfusion`, `TasaReperfusionPuntajeTICI`, `PersistenSintomasTACnormal`, `AsemejaACVoMimic2`, `EscalaABCD2`, `RiesgoACVa2dias`, `RiesgoACVa7dias`, `RiesgoACVa90dias`, `SugerenciaRemision`, `FechaHoraSugerenciaSalida`, `WakeUpStroke`, `SugiereAngioRMCraneo`, `IdIPSReferencia`, `IdTipoEscenarioReferencia`, `FechaHoraRemisionAIPSReferencia`, `listaCampos`, `ultimomodulo`, `TimeFinTriage`, `TimeFinTiempoEvento`, `TimeFinActivacionCodigoACV`, `TimeFinHistoriaClinica`, `TimeFinLaboratorio`, `TimeFinExamenFisico`, `TimeFinEscalaABCD2`, `TimeSugiereEvalACVEnImagenes`, `TimeFinTipoACVenTACGmenor8`, `TimeFinTipoACVEnImagenes`, `TimeFinASPECTS`, `TimeFinRiesgoTromboEndovenosa`, `TimeFinOclusionVasosGrandes`, `TimeFinRiesgoTromboEndovascular`, `TimeFinTasaReperfusionPuntajeTICI`) VALUES
	(24, 'urgencias', 60, 1, 1, '2020-06-22 20:44:00', '10001', 1, '2020-06-23 13:15:44', 1, -1, NULL, NULL, 1, -1, 1, NULL, NULL, '2020-06-23', '11:05:12', NULL, -1, 28, 'ssn', 'amr; Enfermedad coronaria', 'hr', 0, -1, 30, NULL, NULL, NULL, NULL, NULL, 1, 'en', 0, 9, 10, 1, NULL, NULL, NULL, 0, 0, NULL, NULL, 5, 0, -1, -1, NULL, NULL, NULL, -1, 1, -1, -1, -1, NULL, NULL, NULL, NULL, -1, NULL, -1, NULL, NULL, NULL, NULL, NULL, NULL, NULL, NULL, NULL, NULL, NULL, 'Tratamiento de MIMIC o Evaluación por neurología.', '2020-06-23 13:15:44', 1, NULL, NULL, NULL, NULL, 'mudulo_triage;tableInicioSintomas;divEscalaBEFAST;tableEmergenciologoActivaCodigoACV;tableCodigoACVActivado;TableIdAnticoagulanteOral;divEscalaGlasgow;divMatrizCalcEscalaNIHSS;divEscalaHIHSSgraficos;tableIdTipoACVEnTACGmenor8;mudulo_hemorragico;tableIdTipoHemo;tableEscalaFisher;divEscalaFisher;tableEscalaWFNS;divEscalaWFNS;tableEscalaICH;divEscalaICH;tableHayHemorragiaActiva;mudulo_acvisquemico;tableIdTipoCircIsque;tableIdTiempoInfarto;tableMedidaInfarto;tableASPECTS;tableRiesgoTromboEndovenosaAbsoluta;divRiesgoTromboEndovenosaAbsoluta;tableRiesgoTromboEndovenosaRelativa;divRiesgoTromboEndovenosaRelativa;tableTrombolizarConRelMayor0;tableJustificacionTrombolizarConRelMayor0;tableHayOclusionVasosGrandes;mudulo_endovascular;tableRiesgoTrombolisisEndovascular;divRiesgoTrombolisisEndovascular;tableFechasHorasTIV;tableTasaReperfusionPuntajeTICI;divTasaReperfusionPuntajeTICI;tableEstableHemodinamicamente;tableEscalaABCD2;divMatrizEscalaABCD2', 'mudulo_sugerenciaremision', NULL, '2020-06-23 11:05:19', '2020-06-23 11:16:38', '2020-06-23 11:30:07', '2020-06-23 11:31:10', '2020-06-23 11:51:52', NULL, NULL, NULL, '2020-06-23 13:15:39', NULL, NULL, NULL, NULL, NULL),
	(25, 'urgencias', 66, 1, 2, '2020-06-24 13:30:50', '20001', 0, NULL, 1, -1, NULL, NULL, 5, -1, 1, NULL, NULL, '2020-06-24', '13:31:01', NULL, -1, 49, 'ss', 'aaa', 'hh', 1, 5, NULL, NULL, NULL, NULL, NULL, NULL, -1, NULL, -1, NULL, NULL, NULL, NULL, NULL, NULL, 0, 0, NULL, NULL, -1, -1, -1, -1, NULL, NULL, NULL, -1, -1, -1, -1, -1, NULL, NULL, NULL, NULL, -1, NULL, -1, NULL, NULL, NULL, NULL, NULL, NULL, NULL, NULL, NULL, NULL, NULL, NULL, NULL, 1, NULL, NULL, NULL, NULL, 'mudulo_triage;tableInicioSintomas;divEscalaBEFAST;tableEmergenciologoActivaCodigoACV;tablePersistenSintomasLuegoDextrosa;mudulo_examenfisico;divEscalaGlasgow;divMatrizCalcEscalaNIHSS;divEscalaHIHSSgraficos;mudulo_evaluacionventana;tableIdTipoACVEnTACGmenor8;tableIdRMcontraindicacion;tableIdTipoACVEnImagenes;mudulo_hemorragico;tableIdTipoHemo;tableEscalaFisher;divEscalaFisher;tableEscalaWFNS;divEscalaWFNS;tableEscalaICH;divEscalaICH;tableHayHemorragiaActiva;mudulo_acvisquemico;tableIdTipoCircIsque;tableIdTiempoInfarto;tableMedidaInfarto;tableASPECTS;tableRiesgoTromboEndovenosaAbsoluta;divRiesgoTromboEndovenosaAbsoluta;tableRiesgoTromboEndovenosaRelativa;divRiesgoTromboEndovenosaRelativa;tableTrombolizarConRelMayor0;tableJustificacionTrombolizarConRelMayor0;tableHayOclusionVasosGrandes;mudulo_endovascular;tableRiesgoTrombolisisEndovascular;divRiesgoTrombolisisEndovascular;tableFechasHorasTIV;tableTasaReperfusionPuntajeTICI;divTasaReperfusionPuntajeTICI;tableEstableHemodinamicamente;mudulo_tiaomimic;tableAsemejaACVoMimic;tableEscalaABCD2;divMatrizEscalaABCD2;mudulo_sugerenciaremision;divCerrarEscenario', 'mudulo_laboratorio', NULL, '2020-06-24 13:31:07', '2020-06-24 13:31:14', '2020-06-24 13:31:39', NULL, NULL, NULL, NULL, NULL, NULL, NULL, NULL, NULL, NULL, NULL),
	(26, 'urgencias', 67, 1, 1, '2020-06-25 21:16:14', NULL, 1, '2020-06-25 21:22:07', 0, 1, 'Paciente en piso', 'Propios medios', 3, -1, 1, '2020-06-25', '18:00:00', '2020-06-25', '21:00:00', 3, 1, 60, 'Paciente con afasia subita', 'Hemorragia cerebral; Enfermedad coronaria; Hipertensión arterial; Enfermedad Renal Crónica', 'Afasia de conduccion', 0, -1, 81, NULL, NULL, NULL, NULL, NULL, -1, 'Afasia', 0, 14, 6, 1, NULL, NULL, 1, 0, 0, NULL, NULL, 3, 1, -1, 2, 2, NULL, NULL, 0, -1, -1, -1, -1, NULL, NULL, NULL, NULL, -1, NULL, -1, NULL, NULL, NULL, NULL, NULL, NULL, NULL, NULL, NULL, NULL, NULL, 'Traslado a UCI.', '2020-06-25 21:22:07', 0, NULL, NULL, NULL, NULL, 'divEscalaBEFAST;matrizEval-24;grupoEval-84;grupoEval-85;grupoEval-86;grupoEval-87;grupoEval-88;resumenPuntajeMatriz_24;tableEmergenciologoActivaCodigoACV;TableIdAnticoagulanteOral;tablePersistenSintomasLuegoDextrosa;divEscalaGlasgow;matrizEval-1;grupoEval-4;grupoEval-5;grupoEval-6;resumenPuntajeMatriz_1;divMatrizCalcEscalaNIHSS;matrizEval-3;grupoEval-14;grupoEval-15;grupoEval-16;grupoEval-17;grupoEval-18;grupoEval-19;grupoEval-21;grupoEval-22;grupoEval-23;grupoEval-24;grupoEval-25;grupoEval-26;grupoEval-27;grupoEval-28;resumenPuntajeMatriz_3;tableIdTipoACVEnTACGmenor8;tableEscalaFisher;divEscalaFisher;tableEscalaWFNS;divEscalaWFNS;divEscalaICH;matrizEval-16;grupoEval-76;grupoEval-77;grupoEval-78;grupoEval-79;grupoEval-80;resumenPuntajeMatriz_16;mudulo_acvisquemico;tableIdTipoCircIsque;tableIdTiempoInfarto;tableMedidaInfarto;tableASPECTS;tableRiesgoTromboEndovenosaAbsoluta;divRiesgoTromboEndovenosaAbsoluta;tableRiesgoTromboEndovenosaRelativa;divRiesgoTromboEndovenosaRelativa;tableTrombolizarConRelMayor0;tableJustificacionTrombolizarConRelMayor0;tableHayOclusionVasosGrandes;mudulo_endovascular;tableRiesgoTrombolisisEndovascular;divRiesgoTrombolisisEndovascular;tableFechasHorasTIV;tableTasaReperfusionPuntajeTICI;divTasaReperfusionPuntajeTICI;tableEstableHemodinamicamente;mudulo_tiaomimic;tableAsemejaACVoMimic;tableEscalaABCD2;divMatrizEscalaABCD2', 'mudulo_sugerenciaremision', '2020-06-25 21:17:06', '2020-06-25 21:18:08', '2020-06-25 21:18:30', '2020-06-25 21:19:32', '2020-06-25 21:19:53', '2020-06-25 21:20:54', NULL, NULL, NULL, '2020-06-25 21:21:30', NULL, NULL, NULL, NULL, NULL),
	(27, 'urgencias', 68, 1, 1, '2020-06-27 12:03:04', NULL, 1, '2020-11-16 17:19:20', 0, 2, 'paraplejia ', 'propios medios', 2, NULL, 1, '2020-11-15', '12:30:00', '2020-11-16', '16:29:20', 28, 2, 61, 'parapejlia', NULL, 'nada', 0, NULL, 110, NULL, NULL, NULL, NULL, NULL, NULL, 'paraplejia', 0, 15, 6, NULL, 1, NULL, NULL, 0, 0, NULL, 0, 0, 2, -1, -1, NULL, NULL, NULL, -1, -1, -1, -1, -1, 30, NULL, NULL, NULL, -1, NULL, -1, NULL, NULL, NULL, NULL, NULL, NULL, NULL, NULL, NULL, NULL, NULL, NULL, NULL, 0, NULL, NULL, NULL, NULL, 'tableIdTipoAntecedente;TableIdAnticoagulanteOral;tablePersistenSintomasLuegoDextrosa;mudulo_hemorragico;tableIdTipoHemo;tableEscalaFisher;divEscalaFisher;tableEscalaWFNS;divEscalaWFNS;tableEscalaICH;divEscalaICH;tableHayHemorragiaActiva;tableIdTipoCircIsque;tableIdTiempoInfarto;tableASPECTS;tableRiesgoTromboEndovenosaAbsoluta;divRiesgoTromboEndovenosaAbsoluta;tableRiesgoTromboEndovenosaRelativa;divRiesgoTromboEndovenosaRelativa;tableTrombolizarConRelMayor0;tableJustificacionTrombolizarConRelMayor0;tableHayOclusionVasosGrandes;tableRiesgoTrombolisisEndovascular;divRiesgoTrombolisisEndovascular;tableFechasHorasTIV;tableTasaReperfusionPuntajeTICI;divTasaReperfusionPuntajeTICI;tableEstableHemodinamicamente;mudulo_tiaomimic;tableAsemejaACVoMimic;tableEscalaABCD2;divMatrizEscalaABCD2', 'mudulo_sugerenciaremision', '2020-11-16 16:28:52', '2020-11-16 16:30:30', '2020-11-16 16:30:55', '2020-11-16 16:32:27', '2020-11-16 16:34:12', '2020-11-16 17:11:45', NULL, NULL, NULL, '2020-11-16 17:19:06', NULL, NULL, NULL, NULL, NULL),
	(28, 'urgencias', 70, 1, 1, '2020-09-22 09:14:54', NULL, 1, '2020-09-22 09:29:44', 0, 2, 'Paresia izquierda y afasia', 'Ambulancia', 2, NULL, 1, NULL, NULL, '2020-09-22', '09:00:00', NULL, -1, 70, 'Afasia y hemiparesia izquierda', 'Tumor intraaxial; Seleccionar...; Dislipidemia; Enfermedad coronaria; Hipertensión arterial', NULL, 0, -1, 70, NULL, NULL, NULL, NULL, NULL, -1, 'Afasia y hemiparesia izquierda', 0, 15, 14, NULL, 1, NULL, NULL, 0, 0, NULL, NULL, 0, 0, -1, -1, NULL, NULL, NULL, -1, 1, -1, -1, -1, NULL, NULL, NULL, NULL, -1, NULL, -1, NULL, NULL, NULL, NULL, NULL, NULL, NULL, NULL, NULL, NULL, NULL, 'Tratamiento de MIMIC o Evaluación por neurología.', '2020-09-22 09:29:44', 1, NULL, NULL, NULL, NULL, 'tableInicioSintomas;TableIdAnticoagulanteOral;tablePersistenSintomasLuegoDextrosa;divEscalaGlasgow;divMatrizCalcEscalaNIHSS;divEscalaHIHSSgraficos;tableIdTipoACVEnTACGmenor8;mudulo_hemorragico;tableIdTipoHemo;tableEscalaFisher;divEscalaFisher;tableEscalaWFNS;divEscalaWFNS;tableEscalaICH;divEscalaICH;tableHayHemorragiaActiva;mudulo_acvisquemico;tableIdTipoCircIsque;tableIdTiempoInfarto;tableMedidaInfarto;tableASPECTS;tableRiesgoTromboEndovenosaAbsoluta;divRiesgoTromboEndovenosaAbsoluta;tableRiesgoTromboEndovenosaRelativa;divRiesgoTromboEndovenosaRelativa;tableTrombolizarConRelMayor0;tableJustificacionTrombolizarConRelMayor0;tableHayOclusionVasosGrandes;mudulo_endovascular;tableRiesgoTrombolisisEndovascular;divRiesgoTrombolisisEndovascular;tableFechasHorasTIV;tableTasaReperfusionPuntajeTICI;divTasaReperfusionPuntajeTICI;tableEstableHemodinamicamente;tableEscalaABCD2;divMatrizEscalaABCD2', 'mudulo_sugerenciaremision', '2020-09-22 09:24:15', '2020-09-22 09:25:28', '2020-09-22 09:26:44', '2020-09-22 09:28:00', '2020-09-22 09:28:24', '2020-09-22 09:29:07', NULL, NULL, NULL, '2020-09-22 09:29:33', NULL, NULL, NULL, NULL, NULL),
	(29, 'urgencias', 71, 1, 1, '2020-09-22 11:23:52', NULL, 1, '2020-09-22 12:45:41', 1, NULL, NULL, NULL, 1, NULL, 1, '2020-09-22', '09:30:00', '2020-09-22', '11:18:00', 1, 1, 45, 'Alteracion visual', 'Nada', 'Ninguno', 0, NULL, 85, NULL, NULL, NULL, NULL, NULL, NULL, 'Vision borrosa derecha', 0, 15, 0, NULL, 1, NULL, NULL, 0, 0, NULL, NULL, 0, 0, NULL, NULL, NULL, NULL, NULL, NULL, 1, NULL, NULL, NULL, NULL, NULL, NULL, NULL, NULL, NULL, NULL, NULL, NULL, NULL, NULL, NULL, NULL, NULL, NULL, NULL, NULL, NULL, NULL, NULL, 0, NULL, NULL, NULL, NULL, 'mudulo_triage;tableIdTipoAntecedente;TableIdAnticoagulanteOral;tablePersistenSintomasLuegoDextrosa;divEscalaGlasgow;divMatrizCalcEscalaNIHSS;divEscalaHIHSSgraficos;tableIdTipoACVEnTACGmenor8;mudulo_hemorragico;mudulo_acvisquemico;tableEscalaABCD2;divMatrizEscalaABCD2', 'mudulo_sugerenciaremision', NULL, '2020-09-22 12:41:59', '2020-09-22 12:42:21', '2020-09-22 12:43:43', '2020-09-22 12:43:50', '2020-09-22 12:44:20', NULL, NULL, NULL, '2020-09-22 12:44:36', NULL, NULL, NULL, NULL, NULL),
	(30, 'urgencias', 72, 1, 1, '2020-10-07 14:34:30', NULL, 1, '2020-10-07 15:05:53', 0, 2, 'Se me olvido todo', 'Ambulancia', 1, NULL, 1, '2020-10-07', '12:00:00', '2020-10-07', '14:23:00', 0, 1, 73, 'Se le olvidan las cosas', 'Hta', 'No', 0, NULL, 100, NULL, NULL, NULL, NULL, NULL, NULL, 'Deficit memoria anterograda', 0, 15, 0, NULL, 1, NULL, NULL, 0, 0, NULL, NULL, 0, 0, 0, -1, NULL, NULL, NULL, -1, 1, -1, -1, -1, NULL, NULL, NULL, NULL, -1, NULL, -1, NULL, NULL, NULL, NULL, NULL, NULL, NULL, NULL, NULL, NULL, NULL, NULL, NULL, 0, NULL, NULL, NULL, NULL, 'divEscalaBEFAST;tableIdTipoAntecedente;TableIdAnticoagulanteOral;tablePersistenSintomasLuegoDextrosa;mudulo_hemorragico;tableIdTipoHemo;tableEscalaFisher;divEscalaFisher;tableEscalaWFNS;divEscalaWFNS;tableEscalaICH;divEscalaICH;tableHayHemorragiaActiva;mudulo_acvisquemico;tableIdTipoCircIsque;tableIdTiempoInfarto;tableMedidaInfarto;tableASPECTS;tableRiesgoTromboEndovenosaAbsoluta;divRiesgoTromboEndovenosaAbsoluta;tableRiesgoTromboEndovenosaRelativa;divRiesgoTromboEndovenosaRelativa;tableTrombolizarConRelMayor0;tableJustificacionTrombolizarConRelMayor0;tableHayOclusionVasosGrandes;mudulo_endovascular;tableRiesgoTrombolisisEndovascular;divRiesgoTrombolisisEndovascular;tableFechasHorasTIV;tableTasaReperfusionPuntajeTICI;divTasaReperfusionPuntajeTICI;tableEstableHemodinamicamente;tableEscalaABCD2;divMatrizEscalaABCD2', 'mudulo_sugerenciaremision', '2020-10-07 14:50:53', '2020-10-07 14:52:55', '2020-10-07 14:59:21', '2020-10-07 15:00:22', '2020-10-07 15:02:57', '2020-10-07 15:03:52', NULL, NULL, '2020-10-07 15:05:24', '2020-10-07 15:05:47', NULL, NULL, NULL, NULL, NULL),
	(31, 'urgencias', 73, 1, 1, '2020-10-08 14:39:40', NULL, 1, '2020-10-08 15:21:07', 0, 2, 'Disartria y ,monoparesia derecha', 'Propios', 2, NULL, 1, '2020-10-08', '12:30:00', '2020-10-08', '14:23:00', NULL, 1, 82, 'Disartria y monoparesia', 'Hta, dislipidemia; ACV previo', NULL, 0, -1, 92, NULL, NULL, NULL, NULL, NULL, -1, 'Sin deficit', 0, 15, 1, NULL, 1, NULL, NULL, 0, 0, 1, NULL, 0, 0, -1, -1, NULL, NULL, NULL, -1, 0, -1, -1, -1, NULL, NULL, NULL, NULL, -1, NULL, -1, NULL, NULL, NULL, NULL, NULL, NULL, NULL, 2, 1, 1.2, 3.1, 'Se recomienda inicio de la prevención secundaria (antiagregante o anticoagulante y estatina) y Evaluación por neurología.', '2020-10-08 15:21:07', 0, NULL, NULL, NULL, NULL, 'divEscalaBEFAST;matrizEval-24;grupoEval-84;grupoEval-85;grupoEval-86;grupoEval-87;grupoEval-88;resumenPuntajeMatriz_24;TableIdAnticoagulanteOral;tablePersistenSintomasLuegoDextrosa;divEscalaGlasgow;divMatrizCalcEscalaNIHSS;divEscalaHIHSSgraficos;tableIdTipoACVEnTACGmenor8;mudulo_hemorragico;tableIdTipoHemo;tableEscalaFisher;divEscalaFisher;tableEscalaWFNS;divEscalaWFNS;tableEscalaICH;divEscalaICH;tableHayHemorragiaActiva;mudulo_acvisquemico;tableIdTipoCircIsque;tableIdTiempoInfarto;tableMedidaInfarto;tableASPECTS;tableRiesgoTromboEndovenosaAbsoluta;divRiesgoTromboEndovenosaAbsoluta;tableRiesgoTromboEndovenosaRelativa;divRiesgoTromboEndovenosaRelativa;tableTrombolizarConRelMayor0;tableJustificacionTrombolizarConRelMayor0;tableHayOclusionVasosGrandes;mudulo_endovascular;tableRiesgoTrombolisisEndovascular;divRiesgoTrombolisisEndovascular;tableFechasHorasTIV;tableTasaReperfusionPuntajeTICI;divTasaReperfusionPuntajeTICI;tableEstableHemodinamicamente;divMatrizEscalaABCD2', 'mudulo_sugerenciaremision', '2020-10-08 14:40:28', '2020-10-08 14:41:41', '2020-10-08 14:42:24', '2020-10-08 14:45:06', '2020-10-08 14:45:14', '2020-10-08 14:45:46', '2020-10-08 15:21:03', NULL, NULL, '2020-10-08 15:20:40', NULL, NULL, NULL, NULL, NULL),
	(32, 'urgencias', 74, 1, 1, '2020-10-09 14:34:07', NULL, 1, '2020-10-09 15:34:24', 0, 2, 'Facial derecho', 'Vehiculo', 1, NULL, 1, '2020-10-09', '06:47:00', '2020-10-09', '14:08:00', NULL, 2, 79, 'Facial derecho', '; Diabetes Mellitus', NULL, 0, NULL, 210, NULL, NULL, NULL, NULL, NULL, NULL, 'Facial derecho', 0, 15, 3, NULL, 1, NULL, NULL, 0, 0, NULL, NULL, 0, 0, NULL, NULL, NULL, NULL, NULL, NULL, 1, NULL, NULL, NULL, NULL, NULL, NULL, NULL, NULL, NULL, NULL, NULL, NULL, NULL, NULL, NULL, NULL, NULL, NULL, NULL, NULL, NULL, NULL, NULL, 0, NULL, NULL, NULL, NULL, 'tableIdTipoAntecedente;TableIdAnticoagulanteOral;tablePersistenSintomasLuegoDextrosa;divEscalaGlasgow;divMatrizCalcEscalaNIHSS;divEscalaHIHSSgraficos;tableIdTipoACVEnTACGmenor8;mudulo_hemorragico;mudulo_acvisquemico;tableEscalaABCD2;divMatrizEscalaABCD2', 'mudulo_sugerenciaremision', '2020-10-09 14:46:40', '2020-10-09 14:48:05', '2020-10-09 14:48:41', '2020-10-09 14:49:09', '2020-10-09 14:49:24', '2020-10-09 14:50:19', NULL, NULL, NULL, '2020-10-09 15:34:09', NULL, NULL, NULL, NULL, NULL),
	(33, 'urgencias', 75, 1, 1, '2020-10-19 15:16:23', NULL, 1, '2020-10-19 16:00:29', 0, 2, 'Cefalea, hemiparesia izquirErda', 'Pm', 2, NULL, 1, '2020-10-19', '02:00:00', '2020-10-19', '15:09:00', 0, 2, 47, 'Hemiparesia izq y disartria', 'Hipertension; Hipertensión arterial', 'No', 0, -1, 98, NULL, NULL, NULL, NULL, NULL, -1, 'Sin alteraciones', 0, 15, 1, NULL, 1, NULL, NULL, 0, 0, NULL, NULL, 0, 0, -1, -1, NULL, NULL, NULL, -1, 1, -1, -1, -1, NULL, NULL, NULL, NULL, -1, NULL, -1, NULL, NULL, NULL, NULL, NULL, NULL, NULL, NULL, NULL, NULL, NULL, 'Tratamiento de MIMIC o Evaluación por neurología.', '2020-10-19 16:00:29', 0, NULL, NULL, NULL, NULL, 'divEscalaBEFAST;matrizEval-24;grupoEval-84;grupoEval-85;grupoEval-86;grupoEval-87;grupoEval-88;resumenPuntajeMatriz_24;TableIdAnticoagulanteOral;tablePersistenSintomasLuegoDextrosa;divMatrizCalcEscalaNIHSS;divEscalaHIHSSgraficos;tableIdTipoACVEnTACGmenor8;mudulo_hemorragico;tableIdTipoHemo;tableEscalaFisher;divEscalaFisher;tableEscalaWFNS;divEscalaWFNS;tableEscalaICH;divEscalaICH;tableHayHemorragiaActiva;mudulo_acvisquemico;tableIdTipoCircIsque;tableIdTiempoInfarto;tableMedidaInfarto;tableASPECTS;tableRiesgoTromboEndovenosaAbsoluta;divRiesgoTromboEndovenosaAbsoluta;tableRiesgoTromboEndovenosaRelativa;divRiesgoTromboEndovenosaRelativa;tableTrombolizarConRelMayor0;tableJustificacionTrombolizarConRelMayor0;tableHayOclusionVasosGrandes;mudulo_endovascular;tableRiesgoTrombolisisEndovascular;divRiesgoTrombolisisEndovascular;tableFechasHorasTIV;tableTasaReperfusionPuntajeTICI;divTasaReperfusionPuntajeTICI;tableEstableHemodinamicamente;tableEscalaABCD2;divMatrizEscalaABCD2', 'mudulo_sugerenciaremision', '2020-10-19 15:17:02', '2020-10-19 15:18:01', '2020-10-19 15:18:34', '2020-10-19 15:20:22', '2020-10-19 15:20:30', '2020-10-19 15:23:57', NULL, NULL, NULL, '2020-10-19 16:00:16', NULL, NULL, NULL, NULL, NULL),
	(34, 'urgencias', 76, 1, 1, '2020-10-22 09:59:16', NULL, 1, '2020-10-22 10:45:48', 0, 2, 'Hemiparesia derecha y disartria', 'Particular', 2, NULL, 1, '2020-10-22', '08:04:00', '2020-10-22', '09:50:00', NULL, 1, 74, 'Hemiparesia ydisartria', '; Hipertensión arterial', 'No', 0, -1, 100, NULL, NULL, NULL, NULL, NULL, -1, 'Nada', 0, 15, 0, NULL, 1, NULL, NULL, 0, 0, 1, NULL, 0, 0, -1, -1, NULL, NULL, NULL, -1, 0, -1, -1, -1, NULL, NULL, NULL, NULL, -1, NULL, -1, NULL, NULL, NULL, NULL, NULL, NULL, NULL, 5, 4.1, 5.9, 9.8, 'Se recomienda inicio de la prevención secundaria (antiagregante o anticoagulante y estatina) y Evaluación por neurología.', '2020-10-22 10:45:48', 0, NULL, NULL, NULL, NULL, 'TableIdAnticoagulanteOral;tablePersistenSintomasLuegoDextrosa;divEscalaGlasgow;divMatrizCalcEscalaNIHSS;divEscalaHIHSSgraficos;tableIdTipoACVEnTACGmenor8;mudulo_hemorragico;tableIdTipoHemo;tableEscalaFisher;divEscalaFisher;tableEscalaWFNS;divEscalaWFNS;tableEscalaICH;divEscalaICH;tableHayHemorragiaActiva;mudulo_acvisquemico;tableIdTipoCircIsque;tableIdTiempoInfarto;tableMedidaInfarto;tableASPECTS;tableRiesgoTromboEndovenosaAbsoluta;divRiesgoTromboEndovenosaAbsoluta;tableRiesgoTromboEndovenosaRelativa;divRiesgoTromboEndovenosaRelativa;tableTrombolizarConRelMayor0;tableJustificacionTrombolizarConRelMayor0;tableHayOclusionVasosGrandes;mudulo_endovascular;tableRiesgoTrombolisisEndovascular;divRiesgoTrombolisisEndovascular;tableFechasHorasTIV;tableTasaReperfusionPuntajeTICI;divTasaReperfusionPuntajeTICI;tableEstableHemodinamicamente;divMatrizEscalaABCD2;matrizEval-6;grupoEval-42;grupoEval-43;grupoEval-44;grupoEval-45;grupoEval-46;resumenPuntajeMatriz_6', 'mudulo_sugerenciaremision', '2020-10-22 10:00:10', '2020-10-22 10:00:51', '2020-10-22 10:01:06', '2020-10-22 10:01:58', '2020-10-22 10:02:23', '2020-10-22 10:04:37', '2020-10-22 10:45:47', NULL, NULL, '2020-10-22 10:05:06', NULL, NULL, NULL, NULL, NULL),
	(35, 'urgencias', 77, 1, 1, '2020-10-30 10:53:17', NULL, 1, '2020-11-05 15:05:41', 0, 2, 'Hemiparesia izquierda y diplopia', 'Ambulancia', 1, NULL, 1, '2020-10-30', '07:30:00', '2020-10-30', '10:22:00', NULL, 1, 89, 'Hemiparesia izquierda diplopia y cefalea', '; Diabetes Mellitus; Hipertensión arterial; ACV previo', NULL, 0, NULL, 100, NULL, NULL, NULL, NULL, NULL, NULL, 'No responde preguntas y dismetria', 0, 15, 3, NULL, 1, NULL, NULL, 0, 0, NULL, NULL, 0, 0, NULL, NULL, NULL, NULL, NULL, NULL, 1, NULL, NULL, NULL, NULL, NULL, NULL, NULL, NULL, NULL, NULL, NULL, NULL, NULL, NULL, NULL, NULL, NULL, NULL, NULL, NULL, NULL, NULL, NULL, 0, NULL, NULL, NULL, NULL, 'divEscalaBEFAST;tableIdTipoAntecedente;TableIdAnticoagulanteOral;tablePersistenSintomasLuegoDextrosa;divEscalaGlasgow;divMatrizCalcEscalaNIHSS;divEscalaHIHSSgraficos;tableIdTipoACVEnTACGmenor8;mudulo_hemorragico;mudulo_acvisquemico;tableEscalaABCD2', 'mudulo_sugerenciaremision', '2020-10-30 10:53:50', '2020-10-30 10:54:36', '2020-10-30 10:55:17', '2020-10-30 10:56:04', '2020-10-30 10:56:11', '2020-10-30 10:56:36', NULL, NULL, NULL, '2020-10-30 10:57:45', NULL, NULL, NULL, NULL, NULL),
	(36, 'urgencias', 78, 1, 1, '2020-11-04 12:32:37', NULL, 1, '2020-11-04 13:26:29', 0, 2, 'Parestesias miembros interiores', 'Ambulatorio', 1, NULL, 1, '2020-11-04', '12:25:00', '2020-11-04', '12:25:00', 0, 1, 55, 'Hemiparesia leve e hemihipoestesia izquierda', 'No', 'No', 0, -1, 80, NULL, NULL, NULL, NULL, NULL, -1, 'Hemiparesia y hemihipoestesia', 0, 15, 2, NULL, 1, NULL, NULL, 0, 0, NULL, NULL, 0, 0, -1, -1, NULL, NULL, NULL, -1, 1, -1, -1, -1, NULL, NULL, NULL, NULL, -1, NULL, -1, NULL, NULL, NULL, NULL, NULL, NULL, NULL, NULL, NULL, NULL, NULL, 'Tratamiento de MIMIC o Evaluación por neurología.', '2020-11-04 13:26:29', 0, NULL, NULL, NULL, NULL, 'TableIdAnticoagulanteOral;tablePersistenSintomasLuegoDextrosa;divEscalaGlasgow;divMatrizCalcEscalaNIHSS;tableIdTipoACVEnTACGmenor8;mudulo_hemorragico;tableIdTipoHemo;tableEscalaFisher;divEscalaFisher;tableEscalaWFNS;divEscalaWFNS;tableEscalaICH;divEscalaICH;tableHayHemorragiaActiva;mudulo_acvisquemico;tableIdTipoCircIsque;tableIdTiempoInfarto;tableMedidaInfarto;tableASPECTS;tableRiesgoTromboEndovenosaAbsoluta;divRiesgoTromboEndovenosaAbsoluta;tableRiesgoTromboEndovenosaRelativa;divRiesgoTromboEndovenosaRelativa;tableTrombolizarConRelMayor0;tableJustificacionTrombolizarConRelMayor0;tableHayOclusionVasosGrandes;mudulo_endovascular;tableRiesgoTrombolisisEndovascular;divRiesgoTrombolisisEndovascular;tableFechasHorasTIV;tableTasaReperfusionPuntajeTICI;divTasaReperfusionPuntajeTICI;tableEstableHemodinamicamente;tableEscalaABCD2;divMatrizEscalaABCD2', 'mudulo_sugerenciaremision', '2020-11-04 12:33:29', '2020-11-04 12:34:11', '2020-11-04 12:34:33', '2020-11-04 12:35:29', '2020-11-04 12:36:22', '2020-11-04 13:23:56', NULL, NULL, NULL, '2020-11-04 13:26:18', NULL, NULL, NULL, NULL, NULL),
	(37, 'urgencias', 79, 1, 1, '2020-11-05 09:47:51', NULL, 1, '2020-11-05 09:52:53', 0, 2, 'No hablaba y no respondía', 'Ambulancia', 3, NULL, 1, NULL, NULL, '2020-11-05', '09:07:00', NULL, -1, 94, 'Hemiparesia derecha, facial derecho, heminegligencia ', '; Diabetes Mellitus; Hipertensión arterial; Dislipidemia; Enfermedad coronaria; Síndrome de Apnea-hipopnea del sueño', 'No', 0, -1, 98, NULL, NULL, NULL, NULL, NULL, -1, 'Hemiparesia derecha, facial derecho, heminegligencia \nNo responde a llamado.', 0, 10, 26, 1, NULL, NULL, NULL, 0, 0, NULL, NULL, 16, 2, -1, -1, NULL, NULL, NULL, -1, -1, 1, 1, 1, NULL, NULL, NULL, NULL, -1, NULL, -1, NULL, NULL, NULL, NULL, NULL, NULL, NULL, NULL, NULL, NULL, NULL, 'Enviar a Sala de Reanimación.', '2020-11-05 09:52:53', 1, NULL, NULL, NULL, NULL, 'tableInicioSintomas;TableIdAnticoagulanteOral;tablePersistenSintomasLuegoDextrosa;divMatrizCalcEscalaNIHSS;divEscalaHIHSSgraficos;tableIdTipoACVEnTACGmenor8;mudulo_hemorragico;tableIdTipoHemo;tableEscalaFisher;divEscalaFisher;tableEscalaWFNS;divEscalaWFNS;tableEscalaICH;divEscalaICH;tableHayHemorragiaActiva;tableMedidaInfarto;tableASPECTS;tableRiesgoTromboEndovenosaAbsoluta;divRiesgoTromboEndovenosaAbsoluta;tableRiesgoTromboEndovenosaRelativa;divRiesgoTromboEndovenosaRelativa;tableTrombolizarConRelMayor0;tableJustificacionTrombolizarConRelMayor0;tableHayOclusionVasosGrandes;mudulo_endovascular;tableRiesgoTrombolisisEndovascular;divRiesgoTrombolisisEndovascular;tableFechasHorasTIV;tableTasaReperfusionPuntajeTICI;divTasaReperfusionPuntajeTICI;mudulo_tiaomimic;tableAsemejaACVoMimic;tableEscalaABCD2;divMatrizEscalaABCD2', 'mudulo_sugerenciaremision', '2020-11-05 09:48:19', '2020-11-05 09:49:23', '2020-11-05 09:49:52', '2020-11-05 09:51:05', '2020-11-05 09:51:12', '2020-11-05 09:51:56', NULL, NULL, NULL, '2020-11-05 09:52:40', NULL, NULL, NULL, NULL, NULL),
	(38, 'urgencias', 80, 1, 1, '2020-11-17 14:43:49', NULL, 1, '2020-11-19 10:19:06', 0, 2, 'Desorientado leve disartria', 'Vehiculo particular', 1, NULL, 1, '2020-11-17', '11:56:00', '2020-11-17', '14:34:00', NULL, 1, 70, 'Disartria leve, repetitivo y desorientado', '; Hipertensión arterial artritis', 'No', 0, NULL, 94, NULL, NULL, NULL, NULL, NULL, NULL, 'Normal', 0, 15, 0, NULL, 1, NULL, NULL, 0, 0, NULL, NULL, 0, 0, NULL, NULL, NULL, NULL, NULL, NULL, 1, NULL, NULL, NULL, NULL, NULL, NULL, NULL, NULL, NULL, NULL, NULL, NULL, NULL, NULL, NULL, NULL, NULL, NULL, NULL, NULL, NULL, NULL, NULL, 0, NULL, NULL, NULL, NULL, 'divEscalaBEFAST;tableIdTipoAntecedente;TableIdAnticoagulanteOral;tablePersistenSintomasLuegoDextrosa;divEscalaGlasgow;divMatrizCalcEscalaNIHSS;divEscalaHIHSSgraficos;tableIdTipoACVEnTACGmenor8;mudulo_hemorragico;mudulo_acvisquemico;tableEscalaABCD2;divMatrizEscalaABCD2', 'mudulo_sugerenciaremision', '2020-11-17 14:44:27', '2020-11-17 14:45:25', '2020-11-17 14:45:55', '2020-11-17 14:47:07', '2020-11-17 14:47:25', '2020-11-19 10:18:33', NULL, NULL, NULL, '2020-11-19 10:18:41', NULL, NULL, NULL, NULL, NULL),
	(39, 'urgencias', 81, 1, 1, '2020-11-19 10:21:41', NULL, 0, NULL, 0, 2, 'Ayere no podia hablar decia incoherencias', 'Particular', 1, NULL, 1, '2020-11-18', '10:01:00', '2020-11-19', '10:07:00', NULL, 2, 69, 'Ayer a las 4pm con afasia sensitiva resolvio hoy con aparente disartria', '; Hipertensión arterial', 'No', 0, -1, 93, NULL, NULL, NULL, NULL, NULL, -1, 'Afasia disartria y mareo wue resolvio', 0, 15, 0, NULL, NULL, NULL, NULL, 0, 0, NULL, NULL, -1, -1, -1, -1, NULL, NULL, NULL, -1, -1, -1, -1, -1, NULL, NULL, NULL, NULL, -1, NULL, -1, NULL, NULL, NULL, NULL, NULL, NULL, NULL, NULL, NULL, NULL, NULL, NULL, NULL, 0, NULL, NULL, NULL, NULL, 'divEscalaBEFAST;matrizEval-24;grupoEval-84;grupoEval-85;grupoEval-86;grupoEval-87;grupoEval-88;resumenPuntajeMatriz_24;TableIdAnticoagulanteOral;tablePersistenSintomasLuegoDextrosa;divEscalaGlasgow;divMatrizCalcEscalaNIHSS;divEscalaHIHSSgraficos;tableIdTipoACVEnTACGmenor8;tableIdTipoACVEnImagenes;mudulo_hemorragico;tableIdTipoHemo;tableEscalaFisher;divEscalaFisher;tableEscalaWFNS;divEscalaWFNS;tableEscalaICH;divEscalaICH;tableHayHemorragiaActiva;mudulo_acvisquemico;tableIdTipoCircIsque;tableIdTiempoInfarto;tableMedidaInfarto;tableASPECTS;tableRiesgoTromboEndovenosaAbsoluta;divRiesgoTromboEndovenosaAbsoluta;tableRiesgoTromboEndovenosaRelativa;divRiesgoTromboEndovenosaRelativa;tableTrombolizarConRelMayor0;tableJustificacionTrombolizarConRelMayor0;tableHayOclusionVasosGrandes;mudulo_endovascular;tableRiesgoTrombolisisEndovascular;divRiesgoTrombolisisEndovascular;tableFechasHorasTIV;tableTasaReperfusionPuntajeTICI;divTasaReperfusionPuntajeTICI;tableEstableHemodinamicamente;mudulo_tiaomimic;tableAsemejaACVoMimic;tableEscalaABCD2;divMatrizEscalaABCD2;mudulo_sugerenciaremision;divCerrarEscenario', 'tableIdRMcontraindicacion', '2020-11-19 10:22:19', '2020-11-19 10:22:54', '2020-11-19 10:23:14', '2020-11-19 10:24:09', '2020-11-19 10:24:28', '2020-11-19 10:25:02', NULL, NULL, NULL, NULL, NULL, NULL, NULL, NULL, NULL);
/*!40000 ALTER TABLE `escenario3` ENABLE KEYS */;

-- Volcando estructura para tabla dbtelestroke.ips
CREATE TABLE IF NOT EXISTS `ips` (
  `IdIPS` int(11) NOT NULL AUTO_INCREMENT,
  `CODDPTO` varchar(2) DEFAULT NULL,
  `CODMPIO` varchar(5) DEFAULT NULL,
  `IdTipoEscenario` int(11) DEFAULT NULL,
  `CodigoPrestador` varchar(12) DEFAULT NULL,
  `Prestador` varchar(255) DEFAULT NULL,
  `Direccion` varchar(255) DEFAULT NULL,
  `Telefono` varchar(255) DEFAULT NULL,
  PRIMARY KEY (`IdIPS`)
) ENGINE=InnoDB AUTO_INCREMENT=11 DEFAULT CHARSET=utf8;

-- Volcando datos para la tabla dbtelestroke.ips: ~9 rows (aproximadamente)
DELETE FROM `ips`;
/*!40000 ALTER TABLE `ips` DISABLE KEYS */;
INSERT INTO `ips` (`IdIPS`, `CODDPTO`, `CODMPIO`, `IdTipoEscenario`, `CodigoPrestador`, `Prestador`, `Direccion`, `Telefono`) VALUES
	(1, '11', '11001', 3, '110010561801', 'HOSPITAL SANTAFE', '', ''),
	(2, '25', '25899', 3, '110010644701', 'HOSPITAL ZIPAQUIRA', '', ''),
	(3, '11', '11001', 3, '110010911101', 'HOSPITAL VASCULAR', '', ''),
	(4, '11', '11001', 1, '251750005901', 'CENTRO DE SALUD SUBA', '', ''),
	(5, '25', '25175', 1, '251750005902', 'CENTRO LA SABANA', '', ''),
	(6, '25', '25175', 2, '253770028110', 'CLINICA CHIA', '', ''),
	(7, '11', '11001', 2, '123456789', 'HOSPITAL EL LIBERTADOR', '', ''),
	(8, '15', '15001', 2, '2541475', 'HOSPITAL DE TUNJA', 'Cra 21 No 2-25', ''),
	(10, '11', '11001', 1, '5648956248', 'AMBULACIAS CRUE', '', '');
/*!40000 ALTER TABLE `ips` ENABLE KEYS */;

-- Volcando estructura para tabla dbtelestroke.ipsreferencias
CREATE TABLE IF NOT EXISTS `ipsreferencias` (
  `IdIPSReferencias` int(11) NOT NULL AUTO_INCREMENT,
  `IdIPSRemitente` int(11) DEFAULT NULL,
  `IdIPSReferencia` int(11) DEFAULT NULL,
  PRIMARY KEY (`IdIPSReferencias`),
  UNIQUE KEY `Unico` (`IdIPSRemitente`,`IdIPSReferencia`) USING BTREE
) ENGINE=InnoDB AUTO_INCREMENT=26 DEFAULT CHARSET=utf8;

-- Volcando datos para la tabla dbtelestroke.ipsreferencias: ~12 rows (aproximadamente)
DELETE FROM `ipsreferencias`;
/*!40000 ALTER TABLE `ipsreferencias` DISABLE KEYS */;
INSERT INTO `ipsreferencias` (`IdIPSReferencias`, `IdIPSRemitente`, `IdIPSReferencia`) VALUES
	(23, 4, 1),
	(22, 4, 7),
	(15, 5, 2),
	(24, 5, 6),
	(5, 6, 1),
	(4, 6, 2),
	(19, 7, 1),
	(25, 7, 3),
	(17, 8, 2),
	(18, 8, 3),
	(21, 10, 1),
	(20, 10, 7);
/*!40000 ALTER TABLE `ipsreferencias` ENABLE KEYS */;

-- Volcando estructura para tabla dbtelestroke.ipsusuarios
CREATE TABLE IF NOT EXISTS `ipsusuarios` (
  `IdIPSUsuarios` int(10) unsigned NOT NULL AUTO_INCREMENT,
  `IdIPS` int(10) unsigned NOT NULL DEFAULT '0',
  `UsuarioID` varchar(64) NOT NULL DEFAULT '',
  PRIMARY KEY (`IdIPSUsuarios`),
  UNIQUE KEY `Unico` (`IdIPS`,`UsuarioID`) USING BTREE
) ENGINE=InnoDB AUTO_INCREMENT=13 DEFAULT CHARSET=utf8;

-- Volcando datos para la tabla dbtelestroke.ipsusuarios: ~7 rows (aproximadamente)
DELETE FROM `ipsusuarios`;
/*!40000 ALTER TABLE `ipsusuarios` DISABLE KEYS */;
INSERT INTO `ipsusuarios` (`IdIPSUsuarios`, `IdIPS`, `UsuarioID`) VALUES
	(12, 1, 'urgencias'),
	(3, 2, 'urgencias'),
	(7, 3, 'urgencias'),
	(1, 4, 'urgencias'),
	(10, 5, 'urgencias'),
	(2, 6, 'urgencias'),
	(11, 7, 'urgencias');
/*!40000 ALTER TABLE `ipsusuarios` ENABLE KEYS */;

-- Volcando estructura para tabla dbtelestroke.matriceseval
CREATE TABLE IF NOT EXISTS `matriceseval` (
  `IdMatrizEval` int(11) NOT NULL AUTO_INCREMENT,
  `MatEval` varchar(255) NOT NULL DEFAULT '',
  `DescripcionMatEval` varchar(255) NOT NULL DEFAULT '',
  PRIMARY KEY (`IdMatrizEval`),
  UNIQUE KEY `Unico` (`MatEval`) USING BTREE
) ENGINE=InnoDB AUTO_INCREMENT=25 DEFAULT CHARSET=utf8;

-- Volcando datos para la tabla dbtelestroke.matriceseval: ~19 rows (aproximadamente)
DELETE FROM `matriceseval`;
/*!40000 ALTER TABLE `matriceseval` DISABLE KEYS */;
INSERT INTO `matriceseval` (`IdMatrizEval`, `MatEval`, `DescripcionMatEval`) VALUES
	(1, 'Escala Glasgow', 'Calcula el nivel de conciencia en el que se encuentra el paciente'),
	(2, 'Escala CHA2DS2VAS', 'Calcula el riesgo de ACV en pacientes con fibrilación auricular'),
	(3, 'Escala NIHSS', 'Calcula el grado de la severidad del ACV a partir de los signos clínicos'),
	(4, 'Predictor de ACV Hemorragico', 'Predictores clínicos de ACV Hemorragico'),
	(5, 'Predictor de ACV Isquémico de circulación posterior', 'Predictores clínicos de ACV Isquémico de circulación posterior'),
	(6, 'Puntaje ABCD para ataque isquémico', 'Estima el riesgo de un ACV luego de presentar un AIT'),
	(7, 'FAST-ED', 'Determina la probabilidad de la oclusión de un vaso grande'),
	(8, 'Escala de Fisher', 'Gradúa la severidad de la hemorragia subaracnoidea'),
	(9, 'Escala WFNS', 'Gradúa la severidad de la hemorragia subaracnoidea basado en la escala de coma de Glasgow'),
	(10, 'Escala de Cincinnati', 'Activar código ACV'),
	(11, 'Mitigación del Riesgo Trombólisis Endovenosa Absouta', 'Riesgo Trombólisis Endovenosa Absouta'),
	(12, 'Mitigación del Riesgo Trombólisis Intraarterial/Mecánica', 'Riesgo Trombólisis Intraarterial/Mecánica'),
	(14, 'Escala NIHSS Frases', 'Frase de Lectura del NIHSS para evaluar lenguaje'),
	(15, 'Escala NIHSS Imágenes', 'Imágenes para evaluar Item 9 del NIHSS'),
	(16, 'Escala ICH', 'Indica la mortalidad de la hemorragia intraparenquimatosa'),
	(17, 'Mitigación del Riesgo Trombólisis Endovenosa Relativa', 'Riesgo Trombólisis Endovenosa Relativa'),
	(18, 'Puntaje TICI', 'Tasa Reperfusión en T. Endovascular'),
	(23, 'BE-FAST', 'Determinar activación de código ACV'),
	(24, 'Escala BE-FAST', 'Ayuda a detectar rápidamente los signos clínicos de un ACV agudo');
/*!40000 ALTER TABLE `matriceseval` ENABLE KEYS */;

-- Volcando estructura para tabla dbtelestroke.matricesevalgrupos
CREATE TABLE IF NOT EXISTS `matricesevalgrupos` (
  `IdMatricesEvalGrupos` int(11) NOT NULL AUTO_INCREMENT,
  `IdMatrizEval` int(11) NOT NULL DEFAULT '0',
  `Orden` int(11) NOT NULL DEFAULT '0',
  `MatrizEvalGrupo` varchar(250) NOT NULL DEFAULT '',
  PRIMARY KEY (`IdMatricesEvalGrupos`),
  UNIQUE KEY `Unico` (`IdMatrizEval`,`MatrizEvalGrupo`) USING BTREE
) ENGINE=InnoDB AUTO_INCREMENT=89 DEFAULT CHARSET=utf8;

-- Volcando datos para la tabla dbtelestroke.matricesevalgrupos: ~75 rows (aproximadamente)
DELETE FROM `matricesevalgrupos`;
/*!40000 ALTER TABLE `matricesevalgrupos` DISABLE KEYS */;
INSERT INTO `matricesevalgrupos` (`IdMatricesEvalGrupos`, `IdMatrizEval`, `Orden`, `MatrizEvalGrupo`) VALUES
	(4, 1, 1, 'Respuesta ocular'),
	(5, 1, 2, 'Respuesta verbal'),
	(6, 1, 3, 'Respuesta motora'),
	(7, 2, 1, 'Edad'),
	(8, 2, 2, 'Sexo'),
	(9, 2, 3, 'Historia de falla cardiaca'),
	(10, 2, 4, 'Historia de hipertensión'),
	(11, 2, 5, 'Historia de ataque isquémico transitorio, ACV, o tromboembolismo'),
	(12, 2, 6, 'Historia de enfermedad vascular'),
	(13, 2, 7, 'Historia de diabetes'),
	(14, 3, 1, '1A: Nivel de conciencia'),
	(15, 3, 2, '1B: Nivel de conciencia; preguntas verbales; ¿En qué mes estamos? ¿Qué edad tiene?'),
	(16, 3, 3, '1C: Nivel de conciencia; órdenes motoras; 1. Cierre los ojos; 2. Cierre la mano, después ábrala.'),
	(17, 3, 4, '2: Mirada conjugada'),
	(18, 3, 5, '3: Campos visuales'),
	(19, 3, 6, '4: Paresia facial'),
	(21, 3, 8, '5: Fuerza de extremidades superiores ; 5B MS Derecho'),
	(22, 3, 9, '6: Fuerza de extremidades inferiores ; 6A MI Izquierdo'),
	(23, 3, 10, '6: Fuerza de extremidades superiores ; 6B MS Derecho'),
	(24, 3, 11, '7: Ataxia de las extremidades'),
	(25, 3, 12, '8: Sensibilidad'),
	(26, 3, 13, '9: Lenguaje'),
	(27, 3, 14, '10: Disartria'),
	(28, 3, 15, '11: Hemi-inatención y extinción (negligencia)'),
	(29, 4, 1, 'Coma'),
	(30, 4, 2, 'Rigidex nucal'),
	(31, 4, 3, 'Convulsiones + déficit neurológico'),
	(32, 4, 4, 'Presión arterial diastólica > 110 mmHg'),
	(33, 4, 5, 'Emesis'),
	(34, 4, 6, 'Cefalea'),
	(35, 5, 1, 'Edad > 50 años'),
	(36, 5, 2, 'Vértigo o mareo de inicio súbito'),
	(37, 5, 3, 'Episodios múltiples de vértigo/mareo como pródromos de inicio súbito'),
	(38, 5, 4, 'Dolor craneocervial, cefaleo o dolor cervical'),
	(39, 5, 5, 'Síntomas neurológicos incluyendo diplopía'),
	(40, 5, 6, 'Síntomas desproporcionados (i.e., vértigo/mareo leve con alteración significativa de la marcha)'),
	(41, 5, 7, 'Historia reciente de traume (trauma cervical o craneoencefálico)'),
	(42, 6, 1, 'Edad >= 60 años'),
	(43, 6, 2, 'Presión arterial >= 140/90 mmHg (cualquiera de las dos)'),
	(44, 6, 3, 'Síntomas clínicos de ataque isquémico transitorio'),
	(45, 6, 4, 'Duración de los síntomas'),
	(46, 6, 5, 'Historia de diabetes'),
	(47, 7, 1, 'Paresia facial'),
	(48, 7, 2, 'Debilidad en el miembro superior'),
	(49, 7, 3, 'Cambios en el lenguaje'),
	(50, 7, 4, 'Desviación de la mirada'),
	(51, 7, 5, 'Hemi-inatención y/o extinción'),
	(52, 11, 1, 'Historia Clínica'),
	(53, 11, 2, 'Parámetros Clínicos de Ingreso'),
	(54, 11, 3, 'Hematológico'),
	(55, 11, 4, 'Diagnóstico por Imágenes'),
	(56, 11, 5, 'Consideraciones Especiales'),
	(57, 12, 1, 'Historia clinica, examen físico, valores de laboratorio o imágenes diagnósticas'),
	(58, 14, 1, 'Frases cortas'),
	(59, 14, 2, 'Palabras'),
	(60, 15, 1, 'Descripción de escenas'),
	(62, 15, 2, 'Descripción de objetos'),
	(66, 8, 1, 'Hallazgos'),
	(70, 9, 1, 'Hallazgo'),
	(71, 10, 1, 'Debilidad facial (un lado de la cara no se mueve cuando se sonríe o enseñan los dientes)'),
	(72, 10, 2, 'Caída del brazo (un brazo no se mueve o cae en comparación con el otro brazo, cuando se levantan los dos)'),
	(73, 10, 3, 'Trastorno del lenguaje (el paciente emite palabras mal pronunciadas, utiliza palabras inapropiadas o no puede hablar)'),
	(74, 17, 1, 'Historia Clínica'),
	(75, 17, 2, 'Parámetros Clínicos de Ingreso'),
	(76, 16, 1, 'Escala de coma de Glasgow'),
	(77, 16, 2, 'Edad mayor a 80 años'),
	(78, 16, 3, 'Volumen >= 30 mL'),
	(79, 16, 4, 'Hemorragia intraventricular'),
	(80, 16, 5, '¿El origen de la hemorragia es infratentorial?'),
	(81, 18, 1, '¿Cuál es el grado de reperfusión del vaso grande tapado luego del tratamiento endovascular?'),
	(84, 24, 1, '(B: Balance) Desequilibrio (Marcha desequilibrada o pérdida del equilibrio)'),
	(85, 24, 2, '(E: Eyes) Pérdida de la visión (Pérdida de la visión total o parcial)'),
	(86, 24, 3, '(F: Face) Debilidad facial (un lado de la cara no se mueve cuando se sonrie o enseñan los dientes)'),
	(87, 24, 4, '(A: Arm) Caída del brazo (un brazo no se mueve o cae en comparación con el otro brazo, cuando se levantan los dos)'),
	(88, 24, 5, '(S: Speech) Trastorno del lenguaje (el paciente emite palabras mal pronunciadas, utiliza palabras inapropiadas o no puede hablar)');
/*!40000 ALTER TABLE `matricesevalgrupos` ENABLE KEYS */;

-- Volcando estructura para tabla dbtelestroke.matricesevalgruposopciones
CREATE TABLE IF NOT EXISTS `matricesevalgruposopciones` (
  `IdMatricesEvalGruposOpciones` int(11) NOT NULL AUTO_INCREMENT,
  `IdMatricesEvalGrupos` int(11) NOT NULL DEFAULT '0',
  `Orden` int(11) NOT NULL DEFAULT '0',
  `MatrizEvalOpcion` varchar(250) NOT NULL DEFAULT '',
  `Puntaje` int(11) NOT NULL DEFAULT '0',
  PRIMARY KEY (`IdMatricesEvalGruposOpciones`),
  UNIQUE KEY `Unico` (`IdMatricesEvalGrupos`,`MatrizEvalOpcion`) USING BTREE
) ENGINE=InnoDB AUTO_INCREMENT=583 DEFAULT CHARSET=utf8;

-- Volcando datos para la tabla dbtelestroke.matricesevalgruposopciones: ~232 rows (aproximadamente)
DELETE FROM `matricesevalgruposopciones`;
/*!40000 ALTER TABLE `matricesevalgruposopciones` DISABLE KEYS */;
INSERT INTO `matricesevalgruposopciones` (`IdMatricesEvalGruposOpciones`, `IdMatricesEvalGrupos`, `Orden`, `MatrizEvalOpcion`, `Puntaje`) VALUES
	(46, 4, 1, 'Ausente', 1),
	(47, 4, 2, 'Al dolor', 2),
	(48, 4, 3, 'Al llamado', 3),
	(49, 4, 4, 'Espontánea', 4),
	(50, 5, 1, 'Ausente', 1),
	(51, 5, 2, 'Sonidos incomprensibles', 2),
	(53, 5, 4, 'Confuso o desorientado', 4),
	(54, 5, 5, 'Orientado', 5),
	(55, 6, 1, 'Ausente', 1),
	(56, 6, 2, 'Extensión anormal al dolor', 2),
	(57, 6, 3, 'Flexión anormal al dolor', 3),
	(58, 6, 4, 'Retira al dolor', 4),
	(59, 6, 5, 'Localiza el dolor', 5),
	(60, 6, 6, 'Obedece ódenes sencillas', 6),
	(76, 7, 1, '< 65', 0),
	(77, 7, 2, '65 - 74', 1),
	(78, 7, 3, '>= 75', 2),
	(79, 8, 1, 'Hombre', 0),
	(80, 8, 2, 'Mujer', 1),
	(81, 9, 1, 'SI', 1),
	(82, 9, 2, 'NO', 0),
	(83, 10, 1, 'SI', 1),
	(84, 10, 2, 'NO', 0),
	(85, 11, 1, 'SI', 1),
	(86, 11, 2, 'NO', 0),
	(87, 12, 1, 'SI', 1),
	(88, 12, 2, 'NO', 0),
	(89, 13, 1, 'SI', 1),
	(90, 13, 2, 'NO', 0),
	(339, 14, 1, 'Alerta:', 0),
	(340, 14, 2, 'Somnolencia:', 1),
	(341, 14, 3, 'Estupor:', 2),
	(342, 14, 4, 'Coma:', 3),
	(343, 15, 1, 'Ambas respuestas con correctas', 0),
	(344, 15, 2, 'Una respuesta correcta', 1),
	(345, 15, 3, 'Ninguna respuesta correcta', 2),
	(346, 16, 1, 'Ambas respuestas con correctas', 0),
	(347, 16, 2, 'Una respuesta correcta', 1),
	(348, 16, 3, 'Ninguna respuesta correcta', 2),
	(349, 18, 1, 'Normal', 0),
	(350, 18, 2, 'Hemianopsia parcial:', 1),
	(351, 18, 3, 'Hemianopsia completa:', 2),
	(352, 18, 4, 'Cegera bilateral:', 3),
	(353, 19, 1, 'Normal', 0),
	(354, 19, 2, 'Paresia leve o menor:', 1),
	(355, 19, 3, 'Paresia parcial:', 2),
	(356, 19, 4, 'Paresia total:', 3),
	(357, 17, 1, 'Normal', 0),
	(358, 17, 2, 'Parálisis parcial de la mirada:', 1),
	(359, 17, 3, 'Parálisis total o desviación de la mirada', 2),
	(360, 25, 1, 'Normal', 0),
	(361, 25, 2, 'Hipoestesia leve o moderada:', 1),
	(362, 25, 3, 'Pérdida severa o anestesia:', 2),
	(363, 26, 1, 'Sin afasia', 0),
	(364, 26, 2, 'Afasia moderada:', 1),
	(365, 26, 3, 'Afasia severa:', 2),
	(366, 26, 4, 'Mutista o fasia global:', 3),
	(367, 27, 1, 'Articulación normal', 0),
	(368, 27, 2, 'Disartria moderada:', 1),
	(369, 27, 3, 'Disartria severa:', 2),
	(370, 28, 1, 'Ausente', 0),
	(371, 28, 2, 'Heminatención parcial:', 1),
	(373, 24, 1, 'Ausente', 0),
	(374, 24, 2, 'Ataxia en una extremidad', 1),
	(375, 24, 3, 'Ataxia en dos extremidades', 2),
	(376, 24, 4, 'Amputación o lesión artícular', 0),
	(383, 21, 1, 'Normal sin tendencia a caer', 0),
	(384, 21, 2, 'Tendencia a caer: Caída sin tocar la cama u otro apoyo o la reposición a los 10 segundos de los brazos. Igual puntaje si una mano adopta una posición distónica', 1),
	(385, 21, 3, 'Vence gravedad: No logra mantener la posición propuesta por 10 segundos y generalmente toca la cama. No soporta nungún grado de resistencia.', 2),
	(386, 21, 4, 'No vence gravedad: Cuando la extremidad no logra superar su propio peso o existe contracción muscular', 3),
	(387, 21, 5, 'Sin movimiento: Una extremidad que no ejecuta ningun movimiento', 4),
	(388, 21, 6, 'Amputación o fusión', 0),
	(389, 22, 1, 'Normal sin tendencia a caer, mantiene la posición durante 5 segundos', 0),
	(390, 22, 2, 'Tendencia a caer: Caída sin tocar la cama u otro apoyo o la reposición a los 5 segundos de las piernas.', 1),
	(391, 22, 3, 'Vence gravedad: No logra mantener la posición propuesta por 5 segundos y generalmente toca la cama. No soporta nungún grado de resistencia.', 2),
	(392, 22, 4, 'No vence gravedad: Cuando la extremidad no logra superar su propio peso o existe contracción muscular', 3),
	(393, 22, 5, 'Sin movimiento: Una extremidad que no ejecuta ningun movimiento', 4),
	(394, 22, 6, 'Amputación o fusión', 0),
	(395, 23, 1, 'Normal sin tendencia a caer, mantiene la posición durante 5 segundos', 0),
	(396, 23, 2, 'Tendencia a caer: Caída sin tocar la cama u otro apoyo o la reposición a los 5 segundos de las piernas.', 1),
	(397, 23, 3, 'Vence gravedad: No logra mantener la posición propuesta por 5 segundos y generalmente toca la cama. No soporta nungún grado de resistencia.', 2),
	(398, 23, 4, 'No vence gravedad: Cuando la extremidad no logra superar su propio peso o existe contracción muscular', 3),
	(399, 23, 5, 'Sin movimiento: Una extremidad que no ejecuta ningun movimiento', 4),
	(400, 23, 6, 'Amputación o fusión', 0),
	(401, 29, 1, 'SI', 1),
	(402, 29, 2, 'NO', 0),
	(403, 30, 1, 'SI', 1),
	(404, 30, 2, 'NO', 0),
	(405, 31, 1, 'SI', 1),
	(406, 31, 2, 'NO', 0),
	(407, 32, 1, 'SI', 1),
	(408, 32, 2, 'NO', 0),
	(409, 33, 1, 'SI', 1),
	(410, 33, 2, 'NO', 0),
	(411, 34, 1, 'SI', 1),
	(412, 34, 2, 'NO', 0),
	(413, 35, 1, 'SI', 1),
	(414, 35, 2, 'NO', 0),
	(415, 36, 1, 'SI', 1),
	(416, 36, 2, 'NO', 0),
	(417, 37, 1, 'SI', 1),
	(418, 37, 2, 'NO', 0),
	(419, 38, 1, 'SI', 1),
	(420, 38, 2, 'NO', 0),
	(421, 39, 1, 'SI', 1),
	(422, 39, 2, 'NO', 0),
	(423, 40, 1, 'SI', 1),
	(424, 40, 2, 'NO', 0),
	(425, 41, 1, 'SI', 1),
	(426, 41, 2, 'NO', 0),
	(429, 42, 1, 'SI', 1),
	(430, 42, 2, 'NO', 0),
	(431, 43, 1, 'SI', 1),
	(432, 43, 2, 'NO', 0),
	(433, 44, 1, 'DEBILIDAD UNILATERAL', 2),
	(434, 44, 2, 'ALTERACION DEL LENGUAJE SIN DEBILIDAD', 1),
	(435, 44, 3, 'OTRO SINTOMA', 0),
	(436, 45, 1, '< 10 MINUTOS', 0),
	(437, 45, 2, 'ENTRE 10-59 MINUTOS', 1),
	(438, 45, 3, '>= 60 MINUTOS', 2),
	(439, 46, 1, 'SI', 1),
	(440, 46, 2, 'NO', 0),
	(441, 47, 1, 'Sin paresia o paresia mínima', 0),
	(442, 47, 2, 'Parecia parcial o completa', 1),
	(443, 48, 1, 'Sin tendencia a caer', 0),
	(444, 48, 2, 'Caída o algún esfuerzo contra la gravedad', 1),
	(445, 48, 3, 'Sin esfuerzo contra la gravedad o sin movimiento', 2),
	(446, 49, 1, 'Sin cambios en el lenguaje', 0),
	(447, 49, 2, 'Leves a moderados', 1),
	(448, 49, 3, 'Cambios severos con afasia global o mutismo', 2),
	(449, 50, 1, 'Ausente', 0),
	(450, 50, 2, 'Parcial', 1),
	(451, 50, 3, 'Desviación forzada', 2),
	(452, 51, 1, 'Ausente', 0),
	(453, 51, 2, 'Extinción bilateral simultánea en una modalidad sentitiva solamente', 1),
	(454, 51, 3, 'No reconoce su propia mano o se orienta sólamente  hacia un lado de su cuerpo', 2),
	(455, 5, 3, 'Palabras inapropiadas', 3),
	(456, 52, 1, '**ACV isquémico significativo en los 3 meses previos.', 1),
	(457, 52, 2, '**Hemorragia intracraneal previa en cualquier momento (no incluye Transformación Hemorragica de ACV)', 1),
	(458, 52, 3, '**Neoplasia intra-axial actualmente', 1),
	(459, 52, 4, '**Trauma craneoencefálico o espinal en el periodo agudo intrahospitalario o en los 3 mese previos.', 1),
	(460, 52, 5, '**Cirugía intracraneal/espinal en los últimos 3 meses.', 1),
	(461, 52, 6, '**Endocarditis infecciosa o disección aórtica actuales.', 1),
	(462, 52, 7, 'Neoplasia extra-axial, malformación arteriovenosa o aneurisma no excluido.', 1),
	(463, 52, 8, 'Punción arterial en sitio no compresible en los últimos 7 días', 1),
	(467, 53, 1, '**Síntomas sugestivos hemorragia subaracnoidea.', 1),
	(468, 53, 2, '**Tensión arterial >= 185/110 mmHg a pesar de manejo según protocolo.', 1),
	(469, 53, 3, '**Glucometría manor a 50 mg/dl.', 1),
	(470, 53, 4, 'Sangrado interno activo a diátesis hemorrágica activa.', 1),
	(472, 54, 1, '++Número de plaquetas < 100.000/mm3', 1),
	(473, 54, 2, '++ INR > 1.7 y TP > 15 s ó aTPT > 40 s.', 1),
	(474, 54, 3, '**Heparina (últimas 48 h con aTPT anormal), heparina de bajo peso molecular en dosis terapéuticas (últimas 48 h).', 1),
	(475, 54, 4, '**Inhibidores de trombina/factor Xa en las últimas 48 h).', 1),
	(476, 55, 1, '**Evidencia de hemorragia aguda intracraneal.', 1),
	(477, 55, 2, '**Infarto multilobar dado por hipodensidad >= 33% del hemisferio (ASPECTS < 6).', 1),
	(478, 56, 1, 'Desde inicio del embarazo hasta 14 días postparto.', 1),
	(479, 56, 2, 'Ventana 3-4.5 h (>=  80 años, diabetes, y ACV previo, uso anticoagulantes orales.', 1),
	(480, 57, 1, 'NIHSS > 29', 1),
	(481, 57, 2, 'INR > 3', 1),
	(482, 57, 3, 'PTT > 2', 1),
	(483, 57, 4, 'Trombocitopenia < 30.000/mm3', 1),
	(484, 57, 5, 'ASPECTS < 6', 1),
	(485, 57, 6, 'DWI > 70 mL.', 1),
	(487, 57, 7, 'Hemorragia Activa', 1),
	(500, 58, 1, 'Ya lo veo', 1),
	(501, 58, 2, 'Baja a la calle', 1),
	(502, 58, 3, 'Volví del trabajo a casa', 1),
	(503, 58, 4, 'Está junto a la mesa del comedor', 1),
	(504, 58, 5, 'Anoche oyeron al Ministro hablar por la radio', 1),
	(505, 59, 1, 'MAMA', 1),
	(506, 59, 2, 'TIC-TAC', 1),
	(507, 59, 3, 'CINCO-CINCO', 1),
	(508, 59, 4, 'GRACIAS', 1),
	(509, 59, 5, 'MERMELADA', 1),
	(510, 59, 6, 'FUTBOLISTA', 1),
	(511, 59, 7, 'EXCAVADORA', 1),
	(513, 60, 1, 'NIHSSlaminaEscenas1.bmp', 1),
	(514, 62, 1, 'NIHSSlaminaObhetos1.bmp', 1),
	(522, 66, 1, 'Sin evidencia de sangrado en cisternas ni ventrículos', 21),
	(524, 70, 1, 'Escala de coma de Glasgow de 15 sin déficit focal', 1),
	(525, 70, 2, 'Escala de coma de Glasgow entre 13-14 sin déficit focal', 2),
	(526, 70, 3, 'Escala de coma de Glasgow entre 13-14 con déficit focal', 3),
	(527, 70, 4, 'Escala de coma de Glasgow entre 7-12 con o sin déficit focal', 4),
	(528, 70, 5, 'Escala de coma de Glasgow entre 3-6 con o sin déficit focal', 5),
	(529, 71, 1, 'SI', 1),
	(530, 71, 2, 'NO', 0),
	(531, 72, 1, 'SI', 1),
	(532, 73, 1, 'SI', 1),
	(533, 72, 2, 'NO', 0),
	(534, 73, 2, 'NO', 0),
	(535, 66, 2, 'Sangre difusa fina, con una capa < 1mm en cisternas medida verticalmente', 25),
	(539, 66, 3, 'Coágulo grueso cisternal > 1mm en cisternas medido verticalmente', 37),
	(540, 66, 4, 'Hemorragia intraparenquimatosa o intraventricular, con o sin hemorragia subaracnoidea', 31),
	(541, 52, 0, 'No hay contraindicación', 0),
	(542, 53, 0, 'No hay contraindicación', 0),
	(543, 54, 0, 'No hay contraindicación', 0),
	(544, 55, 0, 'No hay contraindicación', 0),
	(545, 57, 0, 'No hay contraindicación', 0),
	(546, 74, 0, 'Sin contraindicación', 0),
	(547, 74, 1, 'Cirugía o trauma mayor en los últimos 14 días', 1),
	(548, 74, 2, 'Hemorragia gastrointestinal/tracto urinario en los últimos 21 días', 1),
	(549, 74, 3, 'Infarto agudo al miocardio, especialmente con elevación del segmento ST o pericarditis en los últimos 3 meses', 1),
	(550, 75, 0, 'Sin contraindicación', 0),
	(552, 75, 1, 'Escala de NIHSS < 4 ó >= 25', 1),
	(553, 76, 1, '3-4', 2),
	(554, 76, 2, '5-12', 1),
	(555, 76, 3, '13-15', 0),
	(556, 77, 1, 'NO', 0),
	(557, 77, 2, 'SI', 1),
	(558, 78, 2, 'SI', 1),
	(559, 79, 2, 'SI', 1),
	(560, 80, 2, 'SI', 1),
	(561, 78, 1, 'NO', 0),
	(562, 79, 1, 'NO', 0),
	(563, 80, 1, 'NO', 0),
	(564, 56, 0, 'No hay contraindicación', 0),
	(565, 81, 1, 'No hubo perfusión', 0),
	(566, 81, 2, 'Perfusión mínima', 1),
	(567, 81, 3, 'Perfusión parcial-Grado 2A: llenado parcial del territorio vascular (menos de 2/3)', 2),
	(568, 81, 4, 'Perfusión parcial-Grado 2B: llenado completo pero lento del territorio vascular (menos de 2/3)', 2),
	(569, 81, 5, 'Perfusión completa', 3),
	(571, 82, 1, 'fgdfgfdg', 2),
	(572, 84, 1, 'SI', 1),
	(573, 84, 2, 'NO', 0),
	(574, 85, 1, 'SI', 1),
	(575, 85, 2, 'NO', 0),
	(576, 86, 1, 'SI', 1),
	(577, 86, 2, 'NO', 0),
	(578, 87, 1, 'SI', 1),
	(580, 88, 1, 'SI', 1),
	(581, 88, 2, 'NO', 0),
	(582, 87, 2, 'NO', 0);
/*!40000 ALTER TABLE `matricesevalgruposopciones` ENABLE KEYS */;

-- Volcando estructura para tabla dbtelestroke.municipios
CREATE TABLE IF NOT EXISTS `municipios` (
  `CODDPTO` varchar(2) DEFAULT NULL,
  `CODMPIO` varchar(5) NOT NULL DEFAULT '',
  `DPTO` varchar(255) DEFAULT NULL,
  `MUNICIPIO` varchar(255) DEFAULT NULL,
  PRIMARY KEY (`CODMPIO`)
) ENGINE=InnoDB DEFAULT CHARSET=utf8;

-- Volcando datos para la tabla dbtelestroke.municipios: ~1.309 rows (aproximadamente)
DELETE FROM `municipios`;
/*!40000 ALTER TABLE `municipios` DISABLE KEYS */;
INSERT INTO `municipios` (`CODDPTO`, `CODMPIO`, `DPTO`, `MUNICIPIO`) VALUES
	('05', '05001', 'ANTIOQUIA', 'MEDELLÍN'),
	('05', '05002', 'ANTIOQUIA', 'ABEJORRAL'),
	('05', '05004', 'ANTIOQUIA', 'ABRIAQUÍ'),
	('05', '05021', 'ANTIOQUIA', 'ALEJANDRÍA'),
	('05', '05030', 'ANTIOQUIA', 'AMAGÁ'),
	('05', '05031', 'ANTIOQUIA', 'AMALFI'),
	('05', '05034', 'ANTIOQUIA', 'ANDES'),
	('05', '05036', 'ANTIOQUIA', 'ANGELÓPOLIS'),
	('05', '05038', 'ANTIOQUIA', 'ANGOSTURA'),
	('05', '05040', 'ANTIOQUIA', 'ANORÍ'),
	('05', '05042', 'ANTIOQUIA', 'SANTA FÉ DE ANTIOQUIA'),
	('05', '05044', 'ANTIOQUIA', 'ANZÁ'),
	('05', '05045', 'ANTIOQUIA', 'APARTADÓ'),
	('05', '05051', 'ANTIOQUIA', 'ARBOLETES'),
	('05', '05055', 'ANTIOQUIA', 'ARGELIA'),
	('05', '05059', 'ANTIOQUIA', 'ARMENIA'),
	('05', '05079', 'ANTIOQUIA', 'BARBOSA'),
	('05', '05086', 'ANTIOQUIA', 'BELMIRA'),
	('05', '05088', 'ANTIOQUIA', 'BELLO'),
	('05', '05091', 'ANTIOQUIA', 'BETANIA'),
	('05', '05093', 'ANTIOQUIA', 'BETULIA'),
	('05', '05101', 'ANTIOQUIA', 'CIUDAD BOLÍVAR'),
	('05', '05107', 'ANTIOQUIA', 'BRICEÑO'),
	('05', '05113', 'ANTIOQUIA', 'BURITICÁ'),
	('05', '05120', 'ANTIOQUIA', 'CÁCERES'),
	('05', '05125', 'ANTIOQUIA', 'CAICEDO'),
	('05', '05129', 'ANTIOQUIA', 'CALDAS'),
	('05', '05134', 'ANTIOQUIA', 'CAMPAMENTO'),
	('05', '05138', 'ANTIOQUIA', 'CAÑASGORDAS'),
	('05', '05142', 'ANTIOQUIA', 'CARACOLÍ'),
	('05', '05145', 'ANTIOQUIA', 'CARAMANTA'),
	('05', '05147', 'ANTIOQUIA', 'CAREPA'),
	('05', '05148', 'ANTIOQUIA', 'EL CARMEN DE VIBORAL'),
	('05', '05150', 'ANTIOQUIA', 'CAROLINA'),
	('05', '05154', 'ANTIOQUIA', 'CAUCASIA'),
	('05', '05172', 'ANTIOQUIA', 'CHIGORODÓ'),
	('05', '05190', 'ANTIOQUIA', 'CISNEROS'),
	('05', '05197', 'ANTIOQUIA', 'COCORNÁ'),
	('05', '05206', 'ANTIOQUIA', 'CONCEPCIÓN'),
	('05', '05209', 'ANTIOQUIA', 'CONCORDIA'),
	('05', '05212', 'ANTIOQUIA', 'COPACABANA'),
	('05', '05234', 'ANTIOQUIA', 'DABEIBA'),
	('05', '05237', 'ANTIOQUIA', 'DONMATÍAS'),
	('05', '05240', 'ANTIOQUIA', 'EBÉJICO'),
	('05', '05250', 'ANTIOQUIA', 'EL BAGRE'),
	('05', '05264', 'ANTIOQUIA', 'ENTRERRÍOS'),
	('05', '05266', 'ANTIOQUIA', 'ENVIGADO'),
	('05', '05282', 'ANTIOQUIA', 'FREDONIA'),
	('05', '05284', 'ANTIOQUIA', 'FRONTINO'),
	('05', '05306', 'ANTIOQUIA', 'GIRALDO'),
	('05', '05308', 'ANTIOQUIA', 'GIRARDOTA'),
	('05', '05310', 'ANTIOQUIA', 'GÓMEZ PLATA'),
	('05', '05313', 'ANTIOQUIA', 'GRANADA'),
	('05', '05315', 'ANTIOQUIA', 'GUADALUPE'),
	('05', '05318', 'ANTIOQUIA', 'GUARNE'),
	('05', '05321', 'ANTIOQUIA', 'GUATAPÉ'),
	('05', '05347', 'ANTIOQUIA', 'HELICONIA'),
	('05', '05353', 'ANTIOQUIA', 'HISPANIA'),
	('05', '05360', 'ANTIOQUIA', 'ITAGÜÍ'),
	('05', '05361', 'ANTIOQUIA', 'ITUANGO'),
	('05', '05364', 'ANTIOQUIA', 'JARDÍN'),
	('05', '05368', 'ANTIOQUIA', 'JERICÓ'),
	('05', '05376', 'ANTIOQUIA', 'LA CEJA'),
	('05', '05380', 'ANTIOQUIA', 'LA ESTRELLA'),
	('05', '05390', 'ANTIOQUIA', 'LA PINTADA'),
	('05', '05400', 'ANTIOQUIA', 'LA UNIÓN'),
	('05', '05411', 'ANTIOQUIA', 'LIBORINA'),
	('05', '05425', 'ANTIOQUIA', 'MACEO'),
	('05', '05440', 'ANTIOQUIA', 'MARINILLA'),
	('05', '05467', 'ANTIOQUIA', 'MONTEBELLO'),
	('05', '05475', 'ANTIOQUIA', 'MURINDÓ'),
	('05', '05480', 'ANTIOQUIA', 'MUTATÁ'),
	('05', '05483', 'ANTIOQUIA', 'NARIÑO'),
	('05', '05490', 'ANTIOQUIA', 'NECOCLÍ'),
	('05', '05495', 'ANTIOQUIA', 'NECHÍ'),
	('05', '05501', 'ANTIOQUIA', 'OLAYA'),
	('05', '05541', 'ANTIOQUIA', 'PEÑOL'),
	('05', '05543', 'ANTIOQUIA', 'PEQUE'),
	('05', '05576', 'ANTIOQUIA', 'PUEBLORRICO'),
	('05', '05579', 'ANTIOQUIA', 'PUERTO BERRÍO'),
	('05', '05585', 'ANTIOQUIA', 'PUERTO NARE'),
	('05', '05591', 'ANTIOQUIA', 'PUERTO TRIUNFO'),
	('05', '05604', 'ANTIOQUIA', 'REMEDIOS'),
	('05', '05607', 'ANTIOQUIA', 'RETIRO'),
	('05', '05615', 'ANTIOQUIA', 'RIONEGRO'),
	('05', '05628', 'ANTIOQUIA', 'SABANALARGA'),
	('05', '05631', 'ANTIOQUIA', 'SABANETA'),
	('05', '05642', 'ANTIOQUIA', 'SALGAR'),
	('05', '05647', 'ANTIOQUIA', 'SAN ANDRÉS DE CUERQUÍA'),
	('05', '05649', 'ANTIOQUIA', 'SAN CARLOS'),
	('05', '05652', 'ANTIOQUIA', 'SAN FRANCISCO'),
	('05', '05656', 'ANTIOQUIA', 'SAN JERÓNIMO'),
	('05', '05658', 'ANTIOQUIA', 'SAN JOSÉ DE LA MONTAÑA'),
	('05', '05659', 'ANTIOQUIA', 'SAN JUAN DE URABÁ'),
	('05', '05660', 'ANTIOQUIA', 'SAN LUIS'),
	('05', '05664', 'ANTIOQUIA', 'SAN PEDRO DE LOS MILAGROS'),
	('05', '05665', 'ANTIOQUIA', 'SAN PEDRO DE URABÁ'),
	('05', '05667', 'ANTIOQUIA', 'SAN RAFAEL'),
	('05', '05670', 'ANTIOQUIA', 'SAN ROQUE'),
	('05', '05674', 'ANTIOQUIA', 'SAN VICENTE FERRER'),
	('05', '05679', 'ANTIOQUIA', 'SANTA BÁRBARA'),
	('05', '05686', 'ANTIOQUIA', 'SANTA ROSA DE OSOS'),
	('05', '05690', 'ANTIOQUIA', 'SANTO DOMINGO'),
	('05', '05697', 'ANTIOQUIA', 'EL SANTUARIO'),
	('05', '05736', 'ANTIOQUIA', 'SEGOVIA'),
	('05', '05756', 'ANTIOQUIA', 'SONSÓN'),
	('05', '05761', 'ANTIOQUIA', 'SOPETRÁN'),
	('05', '05789', 'ANTIOQUIA', 'TÁMESIS'),
	('05', '05790', 'ANTIOQUIA', 'TARAZÁ'),
	('05', '05792', 'ANTIOQUIA', 'TARSO'),
	('05', '05809', 'ANTIOQUIA', 'TITIRIBÍ'),
	('05', '05819', 'ANTIOQUIA', 'TOLEDO'),
	('05', '05837', 'ANTIOQUIA', 'TURBO'),
	('05', '05842', 'ANTIOQUIA', 'URAMITA'),
	('05', '05847', 'ANTIOQUIA', 'URRAO'),
	('05', '05854', 'ANTIOQUIA', 'VALDIVIA'),
	('05', '05856', 'ANTIOQUIA', 'VALPARAÍSO'),
	('05', '05858', 'ANTIOQUIA', 'VEGACHÍ'),
	('05', '05861', 'ANTIOQUIA', 'VENECIA'),
	('05', '05873', 'ANTIOQUIA', 'VIGÍA DEL FUERTE'),
	('05', '05885', 'ANTIOQUIA', 'YALÍ'),
	('05', '05887', 'ANTIOQUIA', 'YARUMAL'),
	('05', '05890', 'ANTIOQUIA', 'YOLOMBÓ'),
	('05', '05893', 'ANTIOQUIA', 'YONDÓ'),
	('05', '05895', 'ANTIOQUIA', 'ZARAGOZA'),
	('08', '08001', 'ATLÁNTICO', 'BARRANQUILLA'),
	('08', '08078', 'ATLÁNTICO', 'BARANOA'),
	('08', '08137', 'ATLÁNTICO', 'CAMPO DE LA CRUZ'),
	('08', '08141', 'ATLÁNTICO', 'CANDELARIA'),
	('08', '08296', 'ATLÁNTICO', 'GALAPA'),
	('08', '08372', 'ATLÁNTICO', 'JUAN DE ACOSTA'),
	('08', '08421', 'ATLÁNTICO', 'LURUACO'),
	('08', '08433', 'ATLÁNTICO', 'MALAMBO'),
	('08', '08436', 'ATLÁNTICO', 'MANATÍ'),
	('08', '08520', 'ATLÁNTICO', 'PALMAR DE VARELA'),
	('08', '08549', 'ATLÁNTICO', 'PIOJÓ'),
	('08', '08558', 'ATLÁNTICO', 'POLONUEVO'),
	('08', '08560', 'ATLÁNTICO', 'PONEDERA'),
	('08', '08573', 'ATLÁNTICO', 'PUERTO COLOMBIA'),
	('08', '08606', 'ATLÁNTICO', 'REPELÓN'),
	('08', '08634', 'ATLÁNTICO', 'SABANAGRANDE'),
	('08', '08638', 'ATLÁNTICO', 'SABANALARGA'),
	('08', '08675', 'ATLÁNTICO', 'SANTA LUCÍA'),
	('08', '08685', 'ATLÁNTICO', 'SANTO TOMÁS'),
	('08', '08758', 'ATLÁNTICO', 'SOLEDAD'),
	('08', '08770', 'ATLÁNTICO', 'SUAN'),
	('08', '08832', 'ATLÁNTICO', 'TUBARÁ'),
	('08', '08849', 'ATLÁNTICO', 'USIACURÍ'),
	('11', '11001', 'BOGOTÁ, D.C.', 'BOGOTÁ, D.C.'),
	('13', '13001', 'BOLÍVAR', 'CARTAGENA DE INDIAS'),
	('13', '13006', 'BOLÍVAR', 'ACHÍ'),
	('13', '13030', 'BOLÍVAR', 'ALTOS DEL ROSARIO'),
	('13', '13042', 'BOLÍVAR', 'ARENAL'),
	('13', '13052', 'BOLÍVAR', 'ARJONA'),
	('13', '13062', 'BOLÍVAR', 'ARROYOHONDO'),
	('13', '13074', 'BOLÍVAR', 'BARRANCO DE LOBA'),
	('13', '13140', 'BOLÍVAR', 'CALAMAR'),
	('13', '13160', 'BOLÍVAR', 'CANTAGALLO'),
	('13', '13188', 'BOLÍVAR', 'CICUCO'),
	('13', '13212', 'BOLÍVAR', 'CÓRDOBA'),
	('13', '13222', 'BOLÍVAR', 'CLEMENCIA'),
	('13', '13244', 'BOLÍVAR', 'EL CARMEN DE BOLÍVAR'),
	('13', '13248', 'BOLÍVAR', 'EL GUAMO'),
	('13', '13268', 'BOLÍVAR', 'EL PEÑÓN'),
	('13', '13300', 'BOLÍVAR', 'HATILLO DE LOBA'),
	('13', '13430', 'BOLÍVAR', 'MAGANGUÉ'),
	('13', '13433', 'BOLÍVAR', 'MAHATES'),
	('13', '13440', 'BOLÍVAR', 'MARGARITA'),
	('13', '13442', 'BOLÍVAR', 'MARÍA LA BAJA'),
	('13', '13458', 'BOLÍVAR', 'MONTECRISTO'),
	('13', '13468', 'BOLÍVAR', 'MOMPÓS'),
	('13', '13473', 'BOLÍVAR', 'MORALES'),
	('13', '13490', 'BOLÍVAR', 'NOROSÍ'),
	('13', '13549', 'BOLÍVAR', 'PINILLOS'),
	('13', '13580', 'BOLÍVAR', 'REGIDOR'),
	('13', '13600', 'BOLÍVAR', 'RÍO VIEJO'),
	('13', '13620', 'BOLÍVAR', 'SAN CRISTÓBAL'),
	('13', '13647', 'BOLÍVAR', 'SAN ESTANISLAO'),
	('13', '13650', 'BOLÍVAR', 'SAN FERNANDO'),
	('13', '13654', 'BOLÍVAR', 'SAN JACINTO'),
	('13', '13655', 'BOLÍVAR', 'SAN JACINTO DEL CAUCA'),
	('13', '13657', 'BOLÍVAR', 'SAN JUAN NEPOMUCENO'),
	('13', '13667', 'BOLÍVAR', 'SAN MARTÍN DE LOBA'),
	('13', '13670', 'BOLÍVAR', 'SAN PABLO'),
	('13', '13673', 'BOLÍVAR', 'SANTA CATALINA'),
	('13', '13683', 'BOLÍVAR', 'SANTA ROSA'),
	('13', '13688', 'BOLÍVAR', 'SANTA ROSA DEL SUR'),
	('13', '13744', 'BOLÍVAR', 'SIMITÍ'),
	('13', '13760', 'BOLÍVAR', 'SOPLAVIENTO'),
	('13', '13780', 'BOLÍVAR', 'TALAIGUA NUEVO'),
	('13', '13810', 'BOLÍVAR', 'TIQUISIO'),
	('13', '13836', 'BOLÍVAR', 'TURBACO'),
	('13', '13838', 'BOLÍVAR', 'TURBANÁ'),
	('13', '13873', 'BOLÍVAR', 'VILLANUEVA'),
	('13', '13894', 'BOLÍVAR', 'ZAMBRANO'),
	('15', '15001', 'BOYACÁ', 'TUNJA'),
	('15', '15022', 'BOYACÁ', 'ALMEIDA'),
	('15', '15047', 'BOYACÁ', 'AQUITANIA'),
	('15', '15051', 'BOYACÁ', 'ARCABUCO'),
	('15', '15087', 'BOYACÁ', 'BELÉN'),
	('15', '15090', 'BOYACÁ', 'BERBEO'),
	('15', '15092', 'BOYACÁ', 'BETÉITIVA'),
	('15', '15097', 'BOYACÁ', 'BOAVITA'),
	('15', '15104', 'BOYACÁ', 'BOYACÁ'),
	('15', '15106', 'BOYACÁ', 'BRICEÑO'),
	('15', '15109', 'BOYACÁ', 'BUENAVISTA'),
	('15', '15114', 'BOYACÁ', 'BUSBANZÁ'),
	('15', '15131', 'BOYACÁ', 'CALDAS'),
	('15', '15135', 'BOYACÁ', 'CAMPOHERMOSO'),
	('15', '15162', 'BOYACÁ', 'CERINZA'),
	('15', '15172', 'BOYACÁ', 'CHINAVITA'),
	('15', '15176', 'BOYACÁ', 'CHIQUINQUIRÁ'),
	('15', '15180', 'BOYACÁ', 'CHISCAS'),
	('15', '15183', 'BOYACÁ', 'CHITA'),
	('15', '15185', 'BOYACÁ', 'CHITARAQUE'),
	('15', '15187', 'BOYACÁ', 'CHIVATÁ'),
	('15', '15189', 'BOYACÁ', 'CIÉNEGA'),
	('15', '15204', 'BOYACÁ', 'CÓMBITA'),
	('15', '15212', 'BOYACÁ', 'COPER'),
	('15', '15215', 'BOYACÁ', 'CORRALES'),
	('15', '15218', 'BOYACÁ', 'COVARACHÍA'),
	('15', '15223', 'BOYACÁ', 'CUBARÁ'),
	('15', '15224', 'BOYACÁ', 'CUCAITA'),
	('15', '15226', 'BOYACÁ', 'CUÍTIVA'),
	('15', '15232', 'BOYACÁ', 'CHÍQUIZA'),
	('15', '15236', 'BOYACÁ', 'CHIVOR'),
	('15', '15238', 'BOYACÁ', 'DUITAMA'),
	('15', '15244', 'BOYACÁ', 'EL COCUY'),
	('15', '15248', 'BOYACÁ', 'EL ESPINO'),
	('15', '15272', 'BOYACÁ', 'FIRAVITOBA'),
	('15', '15276', 'BOYACÁ', 'FLORESTA'),
	('15', '15293', 'BOYACÁ', 'GACHANTIVÁ'),
	('15', '15296', 'BOYACÁ', 'GÁMEZA'),
	('15', '15299', 'BOYACÁ', 'GARAGOA'),
	('15', '15317', 'BOYACÁ', 'GUACAMAYAS'),
	('15', '15322', 'BOYACÁ', 'GUATEQUE'),
	('15', '15325', 'BOYACÁ', 'GUAYATÁ'),
	('15', '15332', 'BOYACÁ', 'GÜICÁN'),
	('15', '15362', 'BOYACÁ', 'IZA'),
	('15', '15367', 'BOYACÁ', 'JENESANO'),
	('15', '15368', 'BOYACÁ', 'JERICÓ'),
	('15', '15377', 'BOYACÁ', 'LABRANZAGRANDE'),
	('15', '15380', 'BOYACÁ', 'LA CAPILLA'),
	('15', '15401', 'BOYACÁ', 'LA VICTORIA'),
	('15', '15403', 'BOYACÁ', 'LA UVITA'),
	('15', '15407', 'BOYACÁ', 'VILLA DE LEYVA'),
	('15', '15425', 'BOYACÁ', 'MACANAL'),
	('15', '15442', 'BOYACÁ', 'MARIPÍ'),
	('15', '15455', 'BOYACÁ', 'MIRAFLORES'),
	('15', '15464', 'BOYACÁ', 'MONGUA'),
	('15', '15466', 'BOYACÁ', 'MONGUÍ'),
	('15', '15469', 'BOYACÁ', 'MONIQUIRÁ'),
	('15', '15476', 'BOYACÁ', 'MOTAVITA'),
	('15', '15480', 'BOYACÁ', 'MUZO'),
	('15', '15491', 'BOYACÁ', 'NOBSA'),
	('15', '15494', 'BOYACÁ', 'NUEVO COLÓN'),
	('15', '15500', 'BOYACÁ', 'OICATÁ'),
	('15', '15507', 'BOYACÁ', 'OTANCHE'),
	('15', '15511', 'BOYACÁ', 'PACHAVITA'),
	('15', '15514', 'BOYACÁ', 'PÁEZ'),
	('15', '15516', 'BOYACÁ', 'PAIPA'),
	('15', '15518', 'BOYACÁ', 'PAJARITO'),
	('15', '15522', 'BOYACÁ', 'PANQUEBA'),
	('15', '15531', 'BOYACÁ', 'PAUNA'),
	('15', '15533', 'BOYACÁ', 'PAYA'),
	('15', '15537', 'BOYACÁ', 'PAZ DE RÍO'),
	('15', '15542', 'BOYACÁ', 'PESCA'),
	('15', '15550', 'BOYACÁ', 'PISBA'),
	('15', '15572', 'BOYACÁ', 'PUERTO BOYACÁ'),
	('15', '15580', 'BOYACÁ', 'QUÍPAMA'),
	('15', '15599', 'BOYACÁ', 'RAMIRIQUÍ'),
	('15', '15600', 'BOYACÁ', 'RÁQUIRA'),
	('15', '15621', 'BOYACÁ', 'RONDÓN'),
	('15', '15632', 'BOYACÁ', 'SABOYÁ'),
	('15', '15638', 'BOYACÁ', 'SÁCHICA'),
	('15', '15646', 'BOYACÁ', 'SAMACÁ'),
	('15', '15660', 'BOYACÁ', 'SAN EDUARDO'),
	('15', '15664', 'BOYACÁ', 'SAN JOSÉ DE PARE'),
	('15', '15667', 'BOYACÁ', 'SAN LUIS DE GACENO'),
	('15', '15673', 'BOYACÁ', 'SAN MATEO'),
	('15', '15676', 'BOYACÁ', 'SAN MIGUEL DE SEMA'),
	('15', '15681', 'BOYACÁ', 'SAN PABLO DE BORBUR'),
	('15', '15686', 'BOYACÁ', 'SANTANA'),
	('15', '15690', 'BOYACÁ', 'SANTA MARÍA'),
	('15', '15693', 'BOYACÁ', 'SANTA ROSA DE VITERBO'),
	('15', '15696', 'BOYACÁ', 'SANTA SOFÍA'),
	('15', '15720', 'BOYACÁ', 'SATIVANORTE'),
	('15', '15723', 'BOYACÁ', 'SATIVASUR'),
	('15', '15740', 'BOYACÁ', 'SIACHOQUE'),
	('15', '15753', 'BOYACÁ', 'SOATÁ'),
	('15', '15755', 'BOYACÁ', 'SOCOTÁ'),
	('15', '15757', 'BOYACÁ', 'SOCHA'),
	('15', '15759', 'BOYACÁ', 'SOGAMOSO'),
	('15', '15761', 'BOYACÁ', 'SOMONDOCO'),
	('15', '15762', 'BOYACÁ', 'SORA'),
	('15', '15763', 'BOYACÁ', 'SOTAQUIRÁ'),
	('15', '15764', 'BOYACÁ', 'SORACÁ'),
	('15', '15774', 'BOYACÁ', 'SUSACÓN'),
	('15', '15776', 'BOYACÁ', 'SUTAMARCHÁN'),
	('15', '15778', 'BOYACÁ', 'SUTATENZA'),
	('15', '15790', 'BOYACÁ', 'TASCO'),
	('15', '15798', 'BOYACÁ', 'TENZA'),
	('15', '15804', 'BOYACÁ', 'TIBANÁ'),
	('15', '15806', 'BOYACÁ', 'TIBASOSA'),
	('15', '15808', 'BOYACÁ', 'TINJACÁ'),
	('15', '15810', 'BOYACÁ', 'TIPACOQUE'),
	('15', '15814', 'BOYACÁ', 'TOCA'),
	('15', '15816', 'BOYACÁ', 'TOGÜÍ'),
	('15', '15820', 'BOYACÁ', 'TÓPAGA'),
	('15', '15822', 'BOYACÁ', 'TOTA'),
	('15', '15832', 'BOYACÁ', 'TUNUNGUÁ'),
	('15', '15835', 'BOYACÁ', 'TURMEQUÉ'),
	('15', '15837', 'BOYACÁ', 'TUTA'),
	('15', '15839', 'BOYACÁ', 'TUTAZÁ'),
	('15', '15842', 'BOYACÁ', 'ÚMBITA'),
	('15', '15861', 'BOYACÁ', 'VENTAQUEMADA'),
	('15', '15879', 'BOYACÁ', 'VIRACACHÁ'),
	('15', '15897', 'BOYACÁ', 'ZETAQUIRA'),
	('17', '17001', 'CALDAS', 'MANIZALES'),
	('17', '17013', 'CALDAS', 'AGUADAS'),
	('17', '17042', 'CALDAS', 'ANSERMA'),
	('17', '17050', 'CALDAS', 'ARANZAZU'),
	('17', '17088', 'CALDAS', 'BELALCÁZAR'),
	('17', '17174', 'CALDAS', 'CHINCHINÁ'),
	('17', '17272', 'CALDAS', 'FILADELFIA'),
	('17', '17380', 'CALDAS', 'LA DORADA'),
	('17', '17388', 'CALDAS', 'LA MERCED'),
	('17', '17433', 'CALDAS', 'MANZANARES'),
	('17', '17442', 'CALDAS', 'MARMATO'),
	('17', '17444', 'CALDAS', 'MARQUETALIA'),
	('17', '17446', 'CALDAS', 'MARULANDA'),
	('17', '17486', 'CALDAS', 'NEIRA'),
	('17', '17495', 'CALDAS', 'NORCASIA'),
	('17', '17513', 'CALDAS', 'PÁCORA'),
	('17', '17524', 'CALDAS', 'PALESTINA'),
	('17', '17541', 'CALDAS', 'PENSILVANIA'),
	('17', '17614', 'CALDAS', 'RIOSUCIO'),
	('17', '17616', 'CALDAS', 'RISARALDA'),
	('17', '17653', 'CALDAS', 'SALAMINA'),
	('17', '17662', 'CALDAS', 'SAMANÁ'),
	('17', '17665', 'CALDAS', 'SAN JOSÉ'),
	('17', '17777', 'CALDAS', 'SUPÍA'),
	('17', '17867', 'CALDAS', 'VICTORIA'),
	('17', '17873', 'CALDAS', 'VILLAMARÍA'),
	('17', '17877', 'CALDAS', 'VITERBO'),
	('18', '18001', 'CAQUETÁ', 'FLORENCIA'),
	('18', '18029', 'CAQUETÁ', 'ALBANIA'),
	('18', '18094', 'CAQUETÁ', 'BELÉN DE LOS ANDAQUÍES'),
	('18', '18150', 'CAQUETÁ', 'CARTAGENA DEL CHAIRÁ'),
	('18', '18205', 'CAQUETÁ', 'CURILLO'),
	('18', '18247', 'CAQUETÁ', 'EL DONCELLO'),
	('18', '18256', 'CAQUETÁ', 'EL PAUJÍL'),
	('18', '18410', 'CAQUETÁ', 'LA MONTAÑITA'),
	('18', '18460', 'CAQUETÁ', 'MILÁN'),
	('18', '18479', 'CAQUETÁ', 'MORELIA'),
	('18', '18592', 'CAQUETÁ', 'PUERTO RICO'),
	('18', '18610', 'CAQUETÁ', 'SAN JOSÉ DEL FRAGUA'),
	('18', '18753', 'CAQUETÁ', 'SAN VICENTE DEL CAGUÁN'),
	('18', '18756', 'CAQUETÁ', 'SOLANO'),
	('18', '18785', 'CAQUETÁ', 'SOLITA'),
	('18', '18860', 'CAQUETÁ', 'VALPARAÍSO'),
	('19', '19001', 'CAUCA', 'POPAYÁN'),
	('19', '19022', 'CAUCA', 'ALMAGUER'),
	('19', '19050', 'CAUCA', 'ARGELIA'),
	('19', '19075', 'CAUCA', 'BALBOA'),
	('19', '19100', 'CAUCA', 'BOLÍVAR'),
	('19', '19110', 'CAUCA', 'BUENOS AIRES'),
	('19', '19130', 'CAUCA', 'CAJIBÍO'),
	('19', '19137', 'CAUCA', 'CALDONO'),
	('19', '19142', 'CAUCA', 'CALOTO'),
	('19', '19212', 'CAUCA', 'CORINTO'),
	('19', '19256', 'CAUCA', 'EL TAMBO'),
	('19', '19290', 'CAUCA', 'FLORENCIA'),
	('19', '19300', 'CAUCA', 'GUACHENÉ'),
	('19', '19318', 'CAUCA', 'GUAPÍ'),
	('19', '19355', 'CAUCA', 'INZÁ'),
	('19', '19364', 'CAUCA', 'JAMBALÓ'),
	('19', '19392', 'CAUCA', 'LA SIERRA'),
	('19', '19397', 'CAUCA', 'LA VEGA'),
	('19', '19418', 'CAUCA', 'LÓPEZ DE MICAY'),
	('19', '19450', 'CAUCA', 'MERCADERES'),
	('19', '19455', 'CAUCA', 'MIRANDA'),
	('19', '19473', 'CAUCA', 'MORALES'),
	('19', '19513', 'CAUCA', 'PADILLA'),
	('19', '19517', 'CAUCA', 'PÁEZ'),
	('19', '19532', 'CAUCA', 'PATÍA'),
	('19', '19533', 'CAUCA', 'PIAMONTE'),
	('19', '19548', 'CAUCA', 'PIENDAMÓ'),
	('19', '19573', 'CAUCA', 'PUERTO TEJADA'),
	('19', '19585', 'CAUCA', 'PURACÉ'),
	('19', '19622', 'CAUCA', 'ROSAS'),
	('19', '19693', 'CAUCA', 'SAN SEBASTIÁN'),
	('19', '19698', 'CAUCA', 'SANTANDER DE QUILICHAO'),
	('19', '19701', 'CAUCA', 'SANTA ROSA'),
	('19', '19743', 'CAUCA', 'SILVIA'),
	('19', '19760', 'CAUCA', 'SOTARA'),
	('19', '19780', 'CAUCA', 'SUÁREZ'),
	('19', '19785', 'CAUCA', 'SUCRE'),
	('19', '19807', 'CAUCA', 'TIMBÍO'),
	('19', '19809', 'CAUCA', 'TIMBIQUÍ'),
	('19', '19821', 'CAUCA', 'TORIBÍO'),
	('19', '19824', 'CAUCA', 'TOTORÓ'),
	('19', '19845', 'CAUCA', 'VILLA RICA'),
	('20', '20001', 'CESAR', 'VALLEDUPAR'),
	('20', '20011', 'CESAR', 'AGUACHICA'),
	('20', '20013', 'CESAR', 'AGUSTÍN CODAZZI'),
	('20', '20032', 'CESAR', 'ASTREA'),
	('20', '20045', 'CESAR', 'BECERRIL'),
	('20', '20060', 'CESAR', 'BOSCONIA'),
	('20', '20175', 'CESAR', 'CHIMICHAGUA'),
	('20', '20178', 'CESAR', 'CHIRIGUANÁ'),
	('20', '20228', 'CESAR', 'CURUMANÍ'),
	('20', '20238', 'CESAR', 'EL COPEY'),
	('20', '20250', 'CESAR', 'EL PASO'),
	('20', '20295', 'CESAR', 'GAMARRA'),
	('20', '20310', 'CESAR', 'GONZÁLEZ'),
	('20', '20383', 'CESAR', 'LA GLORIA'),
	('20', '20400', 'CESAR', 'LA JAGUA DE IBIRICO'),
	('20', '20443', 'CESAR', 'MANAURE BALCÓN DEL CESAR'),
	('20', '20517', 'CESAR', 'PAILITAS'),
	('20', '20550', 'CESAR', 'PELAYA'),
	('20', '20570', 'CESAR', 'PUEBLO BELLO'),
	('20', '20614', 'CESAR', 'RÍO DE ORO'),
	('20', '20621', 'CESAR', 'LA PAZ'),
	('20', '20710', 'CESAR', 'SAN ALBERTO'),
	('20', '20750', 'CESAR', 'SAN DIEGO'),
	('20', '20770', 'CESAR', 'SAN MARTÍN'),
	('20', '20787', 'CESAR', 'TAMALAMEQUE'),
	('23', '23001', 'CÓRDOBA', 'MONTERÍA'),
	('23', '23068', 'CÓRDOBA', 'AYAPEL'),
	('23', '23079', 'CÓRDOBA', 'BUENAVISTA'),
	('23', '23090', 'CÓRDOBA', 'CANALETE'),
	('23', '23162', 'CÓRDOBA', 'CERETÉ'),
	('23', '23168', 'CÓRDOBA', 'CHIMÁ'),
	('23', '23182', 'CÓRDOBA', 'CHINÚ'),
	('23', '23189', 'CÓRDOBA', 'CIÉNAGA DE ORO'),
	('23', '23300', 'CÓRDOBA', 'COTORRA'),
	('23', '23350', 'CÓRDOBA', 'LA APARTADA'),
	('23', '23417', 'CÓRDOBA', 'LORICA'),
	('23', '23419', 'CÓRDOBA', 'LOS CÓRDOBAS'),
	('23', '23464', 'CÓRDOBA', 'MOMIL'),
	('23', '23466', 'CÓRDOBA', 'MONTELÍBANO'),
	('23', '23500', 'CÓRDOBA', 'MOÑITOS'),
	('23', '23555', 'CÓRDOBA', 'PLANETA RICA'),
	('23', '23570', 'CÓRDOBA', 'PUEBLO NUEVO'),
	('23', '23574', 'CÓRDOBA', 'PUERTO ESCONDIDO'),
	('23', '23580', 'CÓRDOBA', 'PUERTO LIBERTADOR'),
	('23', '23586', 'CÓRDOBA', 'PURÍSIMA DE LA CONCEPCIÓN'),
	('23', '23660', 'CÓRDOBA', 'SAHAGÚN'),
	('23', '23670', 'CÓRDOBA', 'SAN ANDRÉS DE SOTAVENTO'),
	('23', '23672', 'CÓRDOBA', 'SAN ANTERO'),
	('23', '23675', 'CÓRDOBA', 'SAN BERNARDO DEL VIENTO'),
	('23', '23678', 'CÓRDOBA', 'SAN CARLOS'),
	('23', '23682', 'CÓRDOBA', 'SAN JOSÉ DE URÉ'),
	('23', '23686', 'CÓRDOBA', 'SAN PELAYO'),
	('23', '23807', 'CÓRDOBA', 'TIERRALTA'),
	('23', '23815', 'CÓRDOBA', 'TUCHÍN'),
	('23', '23855', 'CÓRDOBA', 'VALENCIA'),
	('25', '25001', 'CUNDINAMARCA', 'AGUA DE DIOS'),
	('25', '25019', 'CUNDINAMARCA', 'ALBÁN'),
	('25', '25035', 'CUNDINAMARCA', 'ANAPOIMA'),
	('25', '25040', 'CUNDINAMARCA', 'ANOLAIMA'),
	('25', '25053', 'CUNDINAMARCA', 'ARBELÁEZ'),
	('25', '25086', 'CUNDINAMARCA', 'BELTRÁN'),
	('25', '25095', 'CUNDINAMARCA', 'BITUIMA'),
	('25', '25099', 'CUNDINAMARCA', 'BOJACÁ'),
	('25', '25120', 'CUNDINAMARCA', 'CABRERA'),
	('25', '25123', 'CUNDINAMARCA', 'CACHIPAY'),
	('25', '25126', 'CUNDINAMARCA', 'CAJICÁ'),
	('25', '25148', 'CUNDINAMARCA', 'CAPARRAPÍ'),
	('25', '25151', 'CUNDINAMARCA', 'CÁQUEZA'),
	('25', '25154', 'CUNDINAMARCA', 'CARMEN DE CARUPA'),
	('25', '25168', 'CUNDINAMARCA', 'CHAGUANÍ'),
	('25', '25175', 'CUNDINAMARCA', 'CHÍA'),
	('25', '25178', 'CUNDINAMARCA', 'CHIPAQUE'),
	('25', '25181', 'CUNDINAMARCA', 'CHOACHÍ'),
	('25', '25183', 'CUNDINAMARCA', 'CHOCONTÁ'),
	('25', '25200', 'CUNDINAMARCA', 'COGUA'),
	('25', '25214', 'CUNDINAMARCA', 'COTA'),
	('25', '25224', 'CUNDINAMARCA', 'CUCUNUBÁ'),
	('25', '25245', 'CUNDINAMARCA', 'EL COLEGIO'),
	('25', '25258', 'CUNDINAMARCA', 'EL PEÑÓN'),
	('25', '25260', 'CUNDINAMARCA', 'EL ROSAL'),
	('25', '25269', 'CUNDINAMARCA', 'FACATATIVÁ'),
	('25', '25279', 'CUNDINAMARCA', 'FÓMEQUE'),
	('25', '25281', 'CUNDINAMARCA', 'FOSCA'),
	('25', '25286', 'CUNDINAMARCA', 'FUNZA'),
	('25', '25288', 'CUNDINAMARCA', 'FÚQUENE'),
	('25', '25290', 'CUNDINAMARCA', 'FUSAGASUGÁ'),
	('25', '25293', 'CUNDINAMARCA', 'GACHALÁ'),
	('25', '25295', 'CUNDINAMARCA', 'GACHANCIPÁ'),
	('25', '25297', 'CUNDINAMARCA', 'GACHETÁ'),
	('25', '25299', 'CUNDINAMARCA', 'GAMA'),
	('25', '25307', 'CUNDINAMARCA', 'GIRARDOT'),
	('25', '25312', 'CUNDINAMARCA', 'GRANADA'),
	('25', '25317', 'CUNDINAMARCA', 'GUACHETÁ'),
	('25', '25320', 'CUNDINAMARCA', 'GUADUAS'),
	('25', '25322', 'CUNDINAMARCA', 'GUASCA'),
	('25', '25324', 'CUNDINAMARCA', 'GUATAQUÍ'),
	('25', '25326', 'CUNDINAMARCA', 'GUATAVITA'),
	('25', '25328', 'CUNDINAMARCA', 'GUAYABAL DE SÍQUIMA'),
	('25', '25335', 'CUNDINAMARCA', 'GUAYABETAL'),
	('25', '25339', 'CUNDINAMARCA', 'GUTIÉRREZ'),
	('25', '25368', 'CUNDINAMARCA', 'JERUSALÉN'),
	('25', '25372', 'CUNDINAMARCA', 'JUNÍN'),
	('25', '25377', 'CUNDINAMARCA', 'LA CALERA'),
	('25', '25386', 'CUNDINAMARCA', 'LA MESA'),
	('25', '25394', 'CUNDINAMARCA', 'LA PALMA'),
	('25', '25398', 'CUNDINAMARCA', 'LA PEÑA'),
	('25', '25402', 'CUNDINAMARCA', 'LA VEGA'),
	('25', '25407', 'CUNDINAMARCA', 'LENGUAZAQUE'),
	('25', '25426', 'CUNDINAMARCA', 'MACHETÁ'),
	('25', '25430', 'CUNDINAMARCA', 'MADRID'),
	('25', '25436', 'CUNDINAMARCA', 'MANTA'),
	('25', '25438', 'CUNDINAMARCA', 'MEDINA'),
	('25', '25473', 'CUNDINAMARCA', 'MOSQUERA'),
	('25', '25483', 'CUNDINAMARCA', 'NARIÑO'),
	('25', '25486', 'CUNDINAMARCA', 'NEMOCÓN'),
	('25', '25488', 'CUNDINAMARCA', 'NILO'),
	('25', '25489', 'CUNDINAMARCA', 'NIMAIMA'),
	('25', '25491', 'CUNDINAMARCA', 'NOCAIMA'),
	('25', '25506', 'CUNDINAMARCA', 'VENECIA'),
	('25', '25513', 'CUNDINAMARCA', 'PACHO'),
	('25', '25518', 'CUNDINAMARCA', 'PAIME'),
	('25', '25524', 'CUNDINAMARCA', 'PANDI'),
	('25', '25530', 'CUNDINAMARCA', 'PARATEBUENO'),
	('25', '25535', 'CUNDINAMARCA', 'PASCA'),
	('25', '25572', 'CUNDINAMARCA', 'PUERTO SALGAR'),
	('25', '25580', 'CUNDINAMARCA', 'PULÍ'),
	('25', '25592', 'CUNDINAMARCA', 'QUEBRADANEGRA'),
	('25', '25594', 'CUNDINAMARCA', 'QUETAME'),
	('25', '25596', 'CUNDINAMARCA', 'QUIPILE'),
	('25', '25599', 'CUNDINAMARCA', 'APULO'),
	('25', '25612', 'CUNDINAMARCA', 'RICAURTE'),
	('25', '25645', 'CUNDINAMARCA', 'SAN ANTONIO DEL TEQUENDAMA'),
	('25', '25649', 'CUNDINAMARCA', 'SAN BERNARDO'),
	('25', '25653', 'CUNDINAMARCA', 'SAN CAYETANO'),
	('25', '25658', 'CUNDINAMARCA', 'SAN FRANCISCO'),
	('25', '25662', 'CUNDINAMARCA', 'SAN JUAN DE RIOSECO'),
	('25', '25718', 'CUNDINAMARCA', 'SASAIMA'),
	('25', '25736', 'CUNDINAMARCA', 'SESQUILÉ'),
	('25', '25740', 'CUNDINAMARCA', 'SIBATÉ'),
	('25', '25743', 'CUNDINAMARCA', 'SILVANIA'),
	('25', '25745', 'CUNDINAMARCA', 'SIMIJACA'),
	('25', '25754', 'CUNDINAMARCA', 'SOACHA'),
	('25', '25758', 'CUNDINAMARCA', 'SOPÓ'),
	('25', '25769', 'CUNDINAMARCA', 'SUBACHOQUE'),
	('25', '25772', 'CUNDINAMARCA', 'SUESCA'),
	('25', '25777', 'CUNDINAMARCA', 'SUPATÁ'),
	('25', '25779', 'CUNDINAMARCA', 'SUSA'),
	('25', '25781', 'CUNDINAMARCA', 'SUTATAUSA'),
	('25', '25785', 'CUNDINAMARCA', 'TABIO'),
	('25', '25793', 'CUNDINAMARCA', 'TAUSA'),
	('25', '25797', 'CUNDINAMARCA', 'TENA'),
	('25', '25799', 'CUNDINAMARCA', 'TENJO'),
	('25', '25805', 'CUNDINAMARCA', 'TIBACUY'),
	('25', '25807', 'CUNDINAMARCA', 'TIBIRITA'),
	('25', '25815', 'CUNDINAMARCA', 'TOCAIMA'),
	('25', '25817', 'CUNDINAMARCA', 'TOCANCIPÁ'),
	('25', '25823', 'CUNDINAMARCA', 'TOPAIPÍ'),
	('25', '25839', 'CUNDINAMARCA', 'UBALÁ'),
	('25', '25841', 'CUNDINAMARCA', 'UBAQUE'),
	('25', '25843', 'CUNDINAMARCA', 'VILLA DE SAN DIEGO DE UBATÉ'),
	('25', '25845', 'CUNDINAMARCA', 'UNE'),
	('25', '25851', 'CUNDINAMARCA', 'ÚTICA'),
	('25', '25862', 'CUNDINAMARCA', 'VERGARA'),
	('25', '25867', 'CUNDINAMARCA', 'VIANÍ'),
	('25', '25871', 'CUNDINAMARCA', 'VILLAGÓMEZ'),
	('25', '25873', 'CUNDINAMARCA', 'VILLAPINZÓN'),
	('25', '25875', 'CUNDINAMARCA', 'VILLETA'),
	('25', '25878', 'CUNDINAMARCA', 'VIOTÁ'),
	('25', '25885', 'CUNDINAMARCA', 'YACOPÍ'),
	('25', '25898', 'CUNDINAMARCA', 'ZIPACÓN'),
	('25', '25899', 'CUNDINAMARCA', 'ZIPAQUIRÁ'),
	('27', '27001', 'CHOCÓ', 'QUIBDÓ'),
	('27', '27006', 'CHOCÓ', 'ACANDÍ'),
	('27', '27025', 'CHOCÓ', 'ALTO BAUDÓ'),
	('27', '27050', 'CHOCÓ', 'ATRATO'),
	('27', '27073', 'CHOCÓ', 'BAGADÓ'),
	('27', '27075', 'CHOCÓ', 'BAHÍA SOLANO'),
	('27', '27077', 'CHOCÓ', 'BAJO BAUDÓ'),
	('27', '27099', 'CHOCÓ', 'BOJAYÁ'),
	('27', '27135', 'CHOCÓ', 'EL CANTÓN DEL SAN PABLO'),
	('27', '27150', 'CHOCÓ', 'CARMEN DEL DARIÉN'),
	('27', '27160', 'CHOCÓ', 'CÉRTEGUI'),
	('27', '27205', 'CHOCÓ', 'CONDOTO'),
	('27', '27245', 'CHOCÓ', 'EL CARMEN DE ATRATO'),
	('27', '27250', 'CHOCÓ', 'EL LITORAL DEL SAN JUAN'),
	('27', '27361', 'CHOCÓ', 'ISTMINA'),
	('27', '27372', 'CHOCÓ', 'JURADÓ'),
	('27', '27413', 'CHOCÓ', 'LLORÓ'),
	('27', '27425', 'CHOCÓ', 'MEDIO ATRATO'),
	('27', '27430', 'CHOCÓ', 'MEDIO BAUDÓ'),
	('27', '27450', 'CHOCÓ', 'MEDIO SAN JUAN'),
	('27', '27491', 'CHOCÓ', 'NÓVITA'),
	('27', '27495', 'CHOCÓ', 'NUQUÍ'),
	('27', '27580', 'CHOCÓ', 'RÍO IRÓ'),
	('27', '27600', 'CHOCÓ', 'RÍO QUITO'),
	('27', '27615', 'CHOCÓ', 'RIOSUCIO'),
	('27', '27660', 'CHOCÓ', 'SAN JOSÉ DEL PALMAR'),
	('27', '27745', 'CHOCÓ', 'SIPÍ'),
	('27', '27787', 'CHOCÓ', 'TADÓ'),
	('27', '27800', 'CHOCÓ', 'UNGUÍA'),
	('27', '27810', 'CHOCÓ', 'UNIÓN PANAMERICANA'),
	('41', '41001', 'HUILA', 'NEIVA'),
	('41', '41006', 'HUILA', 'ACEVEDO'),
	('41', '41013', 'HUILA', 'AGRADO'),
	('41', '41016', 'HUILA', 'AIPE'),
	('41', '41020', 'HUILA', 'ALGECIRAS'),
	('41', '41026', 'HUILA', 'ALTAMIRA'),
	('41', '41078', 'HUILA', 'BARAYA'),
	('41', '41132', 'HUILA', 'CAMPOALEGRE'),
	('41', '41206', 'HUILA', 'COLOMBIA'),
	('41', '41244', 'HUILA', 'ELÍAS'),
	('41', '41298', 'HUILA', 'GARZÓN'),
	('41', '41306', 'HUILA', 'GIGANTE'),
	('41', '41319', 'HUILA', 'GUADALUPE'),
	('41', '41349', 'HUILA', 'HOBO'),
	('41', '41357', 'HUILA', 'ÍQUIRA'),
	('41', '41359', 'HUILA', 'ISNOS'),
	('41', '41378', 'HUILA', 'LA ARGENTINA'),
	('41', '41396', 'HUILA', 'LA PLATA'),
	('41', '41483', 'HUILA', 'NÁTAGA'),
	('41', '41503', 'HUILA', 'OPORAPA'),
	('41', '41518', 'HUILA', 'PAICOL'),
	('41', '41524', 'HUILA', 'PALERMO'),
	('41', '41530', 'HUILA', 'PALESTINA'),
	('41', '41548', 'HUILA', 'PITAL'),
	('41', '41551', 'HUILA', 'PITALITO'),
	('41', '41615', 'HUILA', 'RIVERA'),
	('41', '41660', 'HUILA', 'SALADOBLANCO'),
	('41', '41668', 'HUILA', 'SAN AGUSTÍN'),
	('41', '41676', 'HUILA', 'SANTA MARÍA'),
	('41', '41770', 'HUILA', 'SUAZA'),
	('41', '41791', 'HUILA', 'TARQUI'),
	('41', '41797', 'HUILA', 'TESALIA'),
	('41', '41799', 'HUILA', 'TELLO'),
	('41', '41801', 'HUILA', 'TERUEL'),
	('41', '41807', 'HUILA', 'TIMANÁ'),
	('41', '41872', 'HUILA', 'VILLAVIEJA'),
	('41', '41885', 'HUILA', 'YAGUARÁ'),
	('44', '44001', 'LA GUAJIRA', 'RIOHACHA'),
	('44', '44035', 'LA GUAJIRA', 'ALBANIA'),
	('44', '44078', 'LA GUAJIRA', 'BARRANCAS'),
	('44', '44090', 'LA GUAJIRA', 'DIBULLA'),
	('44', '44098', 'LA GUAJIRA', 'DISTRACCIÓN'),
	('44', '44110', 'LA GUAJIRA', 'EL MOLINO'),
	('44', '44279', 'LA GUAJIRA', 'FONSECA'),
	('44', '44378', 'LA GUAJIRA', 'HATONUEVO'),
	('44', '44420', 'LA GUAJIRA', 'LA JAGUA DEL PILAR'),
	('44', '44430', 'LA GUAJIRA', 'MAICAO'),
	('44', '44560', 'LA GUAJIRA', 'MANAURE'),
	('44', '44650', 'LA GUAJIRA', 'SAN JUAN DEL CESAR'),
	('44', '44847', 'LA GUAJIRA', 'URIBIA'),
	('44', '44855', 'LA GUAJIRA', 'URUMITA'),
	('44', '44874', 'LA GUAJIRA', 'VILLANUEVA'),
	('47', '47001', 'MAGDALENA', 'SANTA MARTA'),
	('47', '47030', 'MAGDALENA', 'ALGARROBO'),
	('47', '47053', 'MAGDALENA', 'ARACATACA'),
	('47', '47058', 'MAGDALENA', 'ARIGUANÍ'),
	('47', '47161', 'MAGDALENA', 'CERRO DE SAN ANTONIO'),
	('47', '47170', 'MAGDALENA', 'CHIVOLO'),
	('47', '47189', 'MAGDALENA', 'CIÉNAGA'),
	('47', '47205', 'MAGDALENA', 'CONCORDIA'),
	('47', '47245', 'MAGDALENA', 'EL BANCO'),
	('47', '47258', 'MAGDALENA', 'EL PIÑÓN'),
	('47', '47268', 'MAGDALENA', 'EL RETÉN'),
	('47', '47288', 'MAGDALENA', 'FUNDACIÓN'),
	('47', '47318', 'MAGDALENA', 'GUAMAL'),
	('47', '47460', 'MAGDALENA', 'NUEVA GRANADA'),
	('47', '47541', 'MAGDALENA', 'PEDRAZA'),
	('47', '47545', 'MAGDALENA', 'PIJIÑO DEL CARMEN'),
	('47', '47551', 'MAGDALENA', 'PIVIJAY'),
	('47', '47555', 'MAGDALENA', 'PLATO'),
	('47', '47570', 'MAGDALENA', 'PUEBLOVIEJO'),
	('47', '47605', 'MAGDALENA', 'REMOLINO'),
	('47', '47660', 'MAGDALENA', 'SABANAS DE SAN ÁNGEL'),
	('47', '47675', 'MAGDALENA', 'SALAMINA'),
	('47', '47692', 'MAGDALENA', 'SAN SEBASTIÁN DE BUENAVISTA'),
	('47', '47703', 'MAGDALENA', 'SAN ZENÓN'),
	('47', '47707', 'MAGDALENA', 'SANTA ANA'),
	('47', '47720', 'MAGDALENA', 'SANTA BÁRBARA DE PINTO'),
	('47', '47745', 'MAGDALENA', 'SITIONUEVO'),
	('47', '47798', 'MAGDALENA', 'TENERIFE'),
	('47', '47960', 'MAGDALENA', 'ZAPAYÁN'),
	('47', '47980', 'MAGDALENA', 'ZONA BANANERA'),
	('50', '50001', 'META', 'VILLAVICENCIO'),
	('50', '50006', 'META', 'ACACÍAS'),
	('50', '50110', 'META', 'BARRANCA DE UPÍA'),
	('50', '50124', 'META', 'CABUYARO'),
	('50', '50150', 'META', 'CASTILLA LA NUEVA'),
	('50', '50223', 'META', 'SAN LUIS DE CUBARRAL'),
	('50', '50226', 'META', 'CUMARAL'),
	('50', '50245', 'META', 'EL CALVARIO'),
	('50', '50251', 'META', 'EL CASTILLO'),
	('50', '50270', 'META', 'EL DORADO'),
	('50', '50287', 'META', 'FUENTE DE ORO'),
	('50', '50313', 'META', 'GRANADA'),
	('50', '50318', 'META', 'GUAMAL'),
	('50', '50325', 'META', 'MAPIRIPÁN'),
	('50', '50330', 'META', 'MESETAS'),
	('50', '50350', 'META', 'LA MACARENA'),
	('50', '50370', 'META', 'URIBE'),
	('50', '50400', 'META', 'LEJANÍAS'),
	('50', '50450', 'META', 'PUERTO CONCORDIA'),
	('50', '50568', 'META', 'PUERTO GAITÁN'),
	('50', '50573', 'META', 'PUERTO LÓPEZ'),
	('50', '50577', 'META', 'PUERTO LLERAS'),
	('50', '50590', 'META', 'PUERTO RICO'),
	('50', '50606', 'META', 'RESTREPO'),
	('50', '50680', 'META', 'SAN CARLOS DE GUAROA'),
	('50', '50683', 'META', 'SAN JUAN DE ARAMA'),
	('50', '50686', 'META', 'SAN JUANITO'),
	('50', '50689', 'META', 'SAN MARTÍN'),
	('50', '50711', 'META', 'VISTAHERMOSA'),
	('52', '52001', 'NARIÑO', 'PASTO'),
	('52', '52019', 'NARIÑO', 'ALBÁN'),
	('52', '52022', 'NARIÑO', 'ALDANA'),
	('52', '52036', 'NARIÑO', 'ANCUYÁ'),
	('52', '52051', 'NARIÑO', 'ARBOLEDA'),
	('52', '52079', 'NARIÑO', 'BARBACOAS'),
	('52', '52083', 'NARIÑO', 'BELÉN'),
	('52', '52110', 'NARIÑO', 'BUESACO'),
	('52', '52203', 'NARIÑO', 'COLÓN'),
	('52', '52207', 'NARIÑO', 'CONSACÁ'),
	('52', '52210', 'NARIÑO', 'CONTADERO'),
	('52', '52215', 'NARIÑO', 'CÓRDOBA'),
	('52', '52224', 'NARIÑO', 'CUASPÚD'),
	('52', '52227', 'NARIÑO', 'CUMBAL'),
	('52', '52233', 'NARIÑO', 'CUMBITARA'),
	('52', '52240', 'NARIÑO', 'CHACHAGÜÍ'),
	('52', '52250', 'NARIÑO', 'EL CHARCO'),
	('52', '52254', 'NARIÑO', 'EL PEÑOL'),
	('52', '52256', 'NARIÑO', 'EL ROSARIO'),
	('52', '52258', 'NARIÑO', 'EL TABLÓN DE GÓMEZ'),
	('52', '52260', 'NARIÑO', 'EL TAMBO'),
	('52', '52287', 'NARIÑO', 'FUNES'),
	('52', '52317', 'NARIÑO', 'GUACHUCAL'),
	('52', '52320', 'NARIÑO', 'GUAITARILLA'),
	('52', '52323', 'NARIÑO', 'GUALMATÁN'),
	('52', '52352', 'NARIÑO', 'ILES'),
	('52', '52354', 'NARIÑO', 'IMUÉS'),
	('52', '52356', 'NARIÑO', 'IPIALES'),
	('52', '52378', 'NARIÑO', 'LA CRUZ'),
	('52', '52381', 'NARIÑO', 'LA FLORIDA'),
	('52', '52385', 'NARIÑO', 'LA LLANADA'),
	('52', '52390', 'NARIÑO', 'LA TOLA'),
	('52', '52399', 'NARIÑO', 'LA UNIÓN'),
	('52', '52405', 'NARIÑO', 'LEIVA'),
	('52', '52411', 'NARIÑO', 'LINARES'),
	('52', '52418', 'NARIÑO', 'LOS ANDES'),
	('52', '52427', 'NARIÑO', 'MAGÜÍ'),
	('52', '52435', 'NARIÑO', 'MALLAMA'),
	('52', '52473', 'NARIÑO', 'MOSQUERA'),
	('52', '52480', 'NARIÑO', 'NARIÑO'),
	('52', '52490', 'NARIÑO', 'OLAYA HERRERA'),
	('52', '52506', 'NARIÑO', 'OSPINA'),
	('52', '52520', 'NARIÑO', 'FRANCISCO PIZARRO'),
	('52', '52540', 'NARIÑO', 'POLICARPA'),
	('52', '52560', 'NARIÑO', 'POTOSÍ'),
	('52', '52565', 'NARIÑO', 'PROVIDENCIA'),
	('52', '52573', 'NARIÑO', 'PUERRES'),
	('52', '52585', 'NARIÑO', 'PUPIALES'),
	('52', '52612', 'NARIÑO', 'RICAURTE'),
	('52', '52621', 'NARIÑO', 'ROBERTO PAYÁN'),
	('52', '52678', 'NARIÑO', 'SAMANIEGO'),
	('52', '52683', 'NARIÑO', 'SANDONÁ'),
	('52', '52685', 'NARIÑO', 'SAN BERNARDO'),
	('52', '52687', 'NARIÑO', 'SAN LORENZO'),
	('52', '52693', 'NARIÑO', 'SAN PABLO'),
	('52', '52694', 'NARIÑO', 'SAN PEDRO DE CARTAGO'),
	('52', '52696', 'NARIÑO', 'SANTA BÁRBARA'),
	('52', '52699', 'NARIÑO', 'SANTACRUZ'),
	('52', '52720', 'NARIÑO', 'SAPUYES'),
	('52', '52786', 'NARIÑO', 'TAMINANGO'),
	('52', '52788', 'NARIÑO', 'TANGUA'),
	('52', '52835', 'NARIÑO', 'SAN ANDRÉS DE TUMACO'),
	('52', '52838', 'NARIÑO', 'TÚQUERRES'),
	('52', '52885', 'NARIÑO', 'YACUANQUER'),
	('54', '54001', 'NORTE DE SANTANDER', 'CÚCUTA'),
	('54', '54003', 'NORTE DE SANTANDER', 'ÁBREGO'),
	('54', '54051', 'NORTE DE SANTANDER', 'ARBOLEDAS'),
	('54', '54099', 'NORTE DE SANTANDER', 'BOCHALEMA'),
	('54', '54109', 'NORTE DE SANTANDER', 'BUCARASICA'),
	('54', '54125', 'NORTE DE SANTANDER', 'CÁCOTA'),
	('54', '54128', 'NORTE DE SANTANDER', 'CÁCHIRA'),
	('54', '54172', 'NORTE DE SANTANDER', 'CHINÁCOTA'),
	('54', '54174', 'NORTE DE SANTANDER', 'CHITAGÁ'),
	('54', '54206', 'NORTE DE SANTANDER', 'CONVENCIÓN'),
	('54', '54223', 'NORTE DE SANTANDER', 'CUCUTILLA'),
	('54', '54239', 'NORTE DE SANTANDER', 'DURANIA'),
	('54', '54245', 'NORTE DE SANTANDER', 'EL CARMEN'),
	('54', '54250', 'NORTE DE SANTANDER', 'EL TARRA'),
	('54', '54261', 'NORTE DE SANTANDER', 'EL ZULIA'),
	('54', '54313', 'NORTE DE SANTANDER', 'GRAMALOTE'),
	('54', '54344', 'NORTE DE SANTANDER', 'HACARÍ'),
	('54', '54347', 'NORTE DE SANTANDER', 'HERRÁN'),
	('54', '54377', 'NORTE DE SANTANDER', 'LABATECA'),
	('54', '54385', 'NORTE DE SANTANDER', 'LA ESPERANZA'),
	('54', '54398', 'NORTE DE SANTANDER', 'LA PLAYA'),
	('54', '54405', 'NORTE DE SANTANDER', 'LOS PATIOS'),
	('54', '54418', 'NORTE DE SANTANDER', 'LOURDES'),
	('54', '54480', 'NORTE DE SANTANDER', 'MUTISCUA'),
	('54', '54498', 'NORTE DE SANTANDER', 'OCAÑA'),
	('54', '54518', 'NORTE DE SANTANDER', 'PAMPLONA'),
	('54', '54520', 'NORTE DE SANTANDER', 'PAMPLONITA'),
	('54', '54553', 'NORTE DE SANTANDER', 'PUERTO SANTANDER'),
	('54', '54599', 'NORTE DE SANTANDER', 'RAGONVALIA'),
	('54', '54660', 'NORTE DE SANTANDER', 'SALAZAR'),
	('54', '54670', 'NORTE DE SANTANDER', 'SAN CALIXTO'),
	('54', '54673', 'NORTE DE SANTANDER', 'SAN CAYETANO'),
	('54', '54680', 'NORTE DE SANTANDER', 'SANTIAGO'),
	('54', '54720', 'NORTE DE SANTANDER', 'SARDINATA'),
	('54', '54743', 'NORTE DE SANTANDER', 'SILOS'),
	('54', '54800', 'NORTE DE SANTANDER', 'TEORAMA'),
	('54', '54810', 'NORTE DE SANTANDER', 'TIBÚ'),
	('54', '54820', 'NORTE DE SANTANDER', 'TOLEDO'),
	('54', '54871', 'NORTE DE SANTANDER', 'VILLA CARO'),
	('54', '54874', 'NORTE DE SANTANDER', 'VILLA DEL ROSARIO'),
	('63', '63001', 'QUINDIO', 'ARMENIA'),
	('63', '63111', 'QUINDIO', 'BUENAVISTA'),
	('63', '63130', 'QUINDIO', 'CALARCÁ'),
	('63', '63190', 'QUINDIO', 'CIRCASIA'),
	('63', '63212', 'QUINDIO', 'CÓRDOBA'),
	('63', '63272', 'QUINDIO', 'FILANDIA'),
	('63', '63302', 'QUINDIO', 'GÉNOVA'),
	('63', '63401', 'QUINDIO', 'LA TEBAIDA'),
	('63', '63470', 'QUINDIO', 'MONTENEGRO'),
	('63', '63548', 'QUINDIO', 'PIJAO'),
	('63', '63594', 'QUINDIO', 'QUIMBAYA'),
	('63', '63690', 'QUINDIO', 'SALENTO'),
	('66', '66001', 'RISARALDA', 'PEREIRA'),
	('66', '66045', 'RISARALDA', 'APÍA'),
	('66', '66075', 'RISARALDA', 'BALBOA'),
	('66', '66088', 'RISARALDA', 'BELÉN DE UMBRÍA'),
	('66', '66170', 'RISARALDA', 'DOSQUEBRADAS'),
	('66', '66318', 'RISARALDA', 'GUÁTICA'),
	('66', '66383', 'RISARALDA', 'LA CELIA'),
	('66', '66400', 'RISARALDA', 'LA VIRGINIA'),
	('66', '66440', 'RISARALDA', 'MARSELLA'),
	('66', '66456', 'RISARALDA', 'MISTRATÓ'),
	('66', '66572', 'RISARALDA', 'PUEBLO RICO'),
	('66', '66594', 'RISARALDA', 'QUINCHÍA'),
	('66', '66682', 'RISARALDA', 'SANTA ROSA DE CABAL'),
	('66', '66687', 'RISARALDA', 'SANTUARIO'),
	('68', '68001', 'SANTANDER', 'BUCARAMANGA'),
	('68', '68013', 'SANTANDER', 'AGUADA'),
	('68', '68020', 'SANTANDER', 'ALBANIA'),
	('68', '68051', 'SANTANDER', 'ARATOCA'),
	('68', '68077', 'SANTANDER', 'BARBOSA'),
	('68', '68079', 'SANTANDER', 'BARICHARA'),
	('68', '68081', 'SANTANDER', 'BARRANCABERMEJA'),
	('68', '68092', 'SANTANDER', 'BETULIA'),
	('68', '68101', 'SANTANDER', 'BOLÍVAR'),
	('68', '68121', 'SANTANDER', 'CABRERA'),
	('68', '68132', 'SANTANDER', 'CALIFORNIA'),
	('68', '68147', 'SANTANDER', 'CAPITANEJO'),
	('68', '68152', 'SANTANDER', 'CARCASÍ'),
	('68', '68160', 'SANTANDER', 'CEPITÁ'),
	('68', '68162', 'SANTANDER', 'CERRITO'),
	('68', '68167', 'SANTANDER', 'CHARALÁ'),
	('68', '68169', 'SANTANDER', 'CHARTA'),
	('68', '68176', 'SANTANDER', 'CHIMA'),
	('68', '68179', 'SANTANDER', 'CHIPATÁ'),
	('68', '68190', 'SANTANDER', 'CIMITARRA'),
	('68', '68207', 'SANTANDER', 'CONCEPCIÓN'),
	('68', '68209', 'SANTANDER', 'CONFINES'),
	('68', '68211', 'SANTANDER', 'CONTRATACIÓN'),
	('68', '68217', 'SANTANDER', 'COROMORO'),
	('68', '68229', 'SANTANDER', 'CURITÍ'),
	('68', '68235', 'SANTANDER', 'EL CARMEN DE CHUCURÍ'),
	('68', '68245', 'SANTANDER', 'EL GUACAMAYO'),
	('68', '68250', 'SANTANDER', 'EL PEÑÓN'),
	('68', '68255', 'SANTANDER', 'EL PLAYÓN'),
	('68', '68264', 'SANTANDER', 'ENCINO'),
	('68', '68266', 'SANTANDER', 'ENCISO'),
	('68', '68271', 'SANTANDER', 'FLORIÁN'),
	('68', '68276', 'SANTANDER', 'FLORIDABLANCA'),
	('68', '68296', 'SANTANDER', 'GALÁN'),
	('68', '68298', 'SANTANDER', 'GÁMBITA'),
	('68', '68307', 'SANTANDER', 'GIRÓN'),
	('68', '68318', 'SANTANDER', 'GUACA'),
	('68', '68320', 'SANTANDER', 'GUADALUPE'),
	('68', '68322', 'SANTANDER', 'GUAPOTÁ'),
	('68', '68324', 'SANTANDER', 'GUAVATÁ'),
	('68', '68327', 'SANTANDER', 'GÜEPSA'),
	('68', '68344', 'SANTANDER', 'HATO'),
	('68', '68368', 'SANTANDER', 'JESÚS MARÍA'),
	('68', '68370', 'SANTANDER', 'JORDÁN'),
	('68', '68377', 'SANTANDER', 'LA BELLEZA'),
	('68', '68385', 'SANTANDER', 'LANDÁZURI'),
	('68', '68397', 'SANTANDER', 'LA PAZ'),
	('68', '68406', 'SANTANDER', 'LEBRIJA'),
	('68', '68418', 'SANTANDER', 'LOS SANTOS'),
	('68', '68425', 'SANTANDER', 'MACARAVITA'),
	('68', '68432', 'SANTANDER', 'MÁLAGA'),
	('68', '68444', 'SANTANDER', 'MATANZA'),
	('68', '68464', 'SANTANDER', 'MOGOTES'),
	('68', '68468', 'SANTANDER', 'MOLAGAVITA'),
	('68', '68498', 'SANTANDER', 'OCAMONTE'),
	('68', '68500', 'SANTANDER', 'OIBA'),
	('68', '68502', 'SANTANDER', 'ONZAGA'),
	('68', '68522', 'SANTANDER', 'PALMAR'),
	('68', '68524', 'SANTANDER', 'PALMAS DEL SOCORRO'),
	('68', '68533', 'SANTANDER', 'PÁRAMO'),
	('68', '68547', 'SANTANDER', 'PIEDECUESTA'),
	('68', '68549', 'SANTANDER', 'PINCHOTE'),
	('68', '68572', 'SANTANDER', 'PUENTE NACIONAL'),
	('68', '68573', 'SANTANDER', 'PUERTO PARRA'),
	('68', '68575', 'SANTANDER', 'PUERTO WILCHES'),
	('68', '68615', 'SANTANDER', 'RIONEGRO'),
	('68', '68655', 'SANTANDER', 'SABANA DE TORRES'),
	('68', '68669', 'SANTANDER', 'SAN ANDRÉS'),
	('68', '68673', 'SANTANDER', 'SAN BENITO'),
	('68', '68679', 'SANTANDER', 'SAN GIL'),
	('68', '68682', 'SANTANDER', 'SAN JOAQUÍN'),
	('68', '68684', 'SANTANDER', 'SAN JOSÉ DE MIRANDA'),
	('68', '68686', 'SANTANDER', 'SAN MIGUEL'),
	('68', '68689', 'SANTANDER', 'SAN VICENTE DE CHUCURÍ'),
	('68', '68705', 'SANTANDER', 'SANTA BÁRBARA'),
	('68', '68720', 'SANTANDER', 'SANTA HELENA DEL OPÓN'),
	('68', '68745', 'SANTANDER', 'SIMACOTA'),
	('68', '68755', 'SANTANDER', 'SOCORRO'),
	('68', '68770', 'SANTANDER', 'SUAITA'),
	('68', '68773', 'SANTANDER', 'SUCRE'),
	('68', '68780', 'SANTANDER', 'SURATÁ'),
	('68', '68820', 'SANTANDER', 'TONA'),
	('68', '68855', 'SANTANDER', 'VALLE DE SAN JOSÉ'),
	('68', '68861', 'SANTANDER', 'VÉLEZ'),
	('68', '68867', 'SANTANDER', 'VETAS'),
	('68', '68872', 'SANTANDER', 'VILLANUEVA'),
	('68', '68895', 'SANTANDER', 'ZAPATOCA'),
	('70', '70001', 'SUCRE', 'SINCELEJO'),
	('70', '70110', 'SUCRE', 'BUENAVISTA'),
	('70', '70124', 'SUCRE', 'CAIMITO'),
	('70', '70204', 'SUCRE', 'COLOSO'),
	('70', '70215', 'SUCRE', 'COROZAL'),
	('70', '70221', 'SUCRE', 'COVEÑAS'),
	('70', '70230', 'SUCRE', 'CHALÁN'),
	('70', '70233', 'SUCRE', 'EL ROBLE'),
	('70', '70235', 'SUCRE', 'GALERAS'),
	('70', '70265', 'SUCRE', 'GUARANDA'),
	('70', '70400', 'SUCRE', 'LA UNIÓN'),
	('70', '70418', 'SUCRE', 'LOS PALMITOS'),
	('70', '70429', 'SUCRE', 'MAJAGUAL'),
	('70', '70473', 'SUCRE', 'MORROA'),
	('70', '70508', 'SUCRE', 'OVEJAS'),
	('70', '70523', 'SUCRE', 'PALMITO'),
	('70', '70670', 'SUCRE', 'SAMPUÉS'),
	('70', '70678', 'SUCRE', 'SAN BENITO ABAD'),
	('70', '70702', 'SUCRE', 'SAN JUAN DE BETULIA'),
	('70', '70708', 'SUCRE', 'SAN MARCOS'),
	('70', '70713', 'SUCRE', 'SAN ONOFRE'),
	('70', '70717', 'SUCRE', 'SAN PEDRO'),
	('70', '70742', 'SUCRE', 'SAN LUIS DE SINCÉ'),
	('70', '70771', 'SUCRE', 'SUCRE'),
	('70', '70820', 'SUCRE', 'SANTIAGO DE TOLÚ'),
	('70', '70823', 'SUCRE', 'TOLÚ VIEJO'),
	('73', '73001', 'TOLIMA', 'IBAGUÉ'),
	('73', '73024', 'TOLIMA', 'ALPUJARRA'),
	('73', '73026', 'TOLIMA', 'ALVARADO'),
	('73', '73030', 'TOLIMA', 'AMBALEMA'),
	('73', '73043', 'TOLIMA', 'ANZOÁTEGUI'),
	('73', '73055', 'TOLIMA', 'ARMERO GUAYABAL'),
	('73', '73067', 'TOLIMA', 'ATACO'),
	('73', '73124', 'TOLIMA', 'CAJAMARCA'),
	('73', '73148', 'TOLIMA', 'CARMEN DE APICALÁ'),
	('73', '73152', 'TOLIMA', 'CASABIANCA'),
	('73', '73168', 'TOLIMA', 'CHAPARRAL'),
	('73', '73200', 'TOLIMA', 'COELLO'),
	('73', '73217', 'TOLIMA', 'COYAIMA'),
	('73', '73226', 'TOLIMA', 'CUNDAY'),
	('73', '73236', 'TOLIMA', 'DOLORES'),
	('73', '73268', 'TOLIMA', 'ESPINAL'),
	('73', '73270', 'TOLIMA', 'FALAN'),
	('73', '73275', 'TOLIMA', 'FLANDES'),
	('73', '73283', 'TOLIMA', 'FRESNO'),
	('73', '73319', 'TOLIMA', 'GUAMO'),
	('73', '73347', 'TOLIMA', 'HERVEO'),
	('73', '73349', 'TOLIMA', 'HONDA'),
	('73', '73352', 'TOLIMA', 'ICONONZO'),
	('73', '73408', 'TOLIMA', 'LÉRIDA'),
	('73', '73411', 'TOLIMA', 'LÍBANO'),
	('73', '73443', 'TOLIMA', 'SAN SEBASTIÁN DE MARIQUITA'),
	('73', '73449', 'TOLIMA', 'MELGAR'),
	('73', '73461', 'TOLIMA', 'MURILLO'),
	('73', '73483', 'TOLIMA', 'NATAGAIMA'),
	('73', '73504', 'TOLIMA', 'ORTEGA'),
	('73', '73520', 'TOLIMA', 'PALOCABILDO'),
	('73', '73547', 'TOLIMA', 'PIEDRAS'),
	('73', '73555', 'TOLIMA', 'PLANADAS'),
	('73', '73563', 'TOLIMA', 'PRADO'),
	('73', '73585', 'TOLIMA', 'PURIFICACIÓN'),
	('73', '73616', 'TOLIMA', 'RIOBLANCO'),
	('73', '73622', 'TOLIMA', 'RONCESVALLES'),
	('73', '73624', 'TOLIMA', 'ROVIRA'),
	('73', '73671', 'TOLIMA', 'SALDAÑA'),
	('73', '73675', 'TOLIMA', 'SAN ANTONIO'),
	('73', '73678', 'TOLIMA', 'SAN LUIS'),
	('73', '73686', 'TOLIMA', 'SANTA ISABEL'),
	('73', '73770', 'TOLIMA', 'SUÁREZ'),
	('73', '73854', 'TOLIMA', 'VALLE DE SAN JUAN'),
	('73', '73861', 'TOLIMA', 'VENADILLO'),
	('73', '73870', 'TOLIMA', 'VILLAHERMOSA'),
	('73', '73873', 'TOLIMA', 'VILLARRICA'),
	('76', '76001', 'VALLE DEL CAUCA', 'CALI'),
	('76', '76020', 'VALLE DEL CAUCA', 'ALCALÁ'),
	('76', '76036', 'VALLE DEL CAUCA', 'ANDALUCÍA'),
	('76', '76041', 'VALLE DEL CAUCA', 'ANSERMANUEVO'),
	('76', '76054', 'VALLE DEL CAUCA', 'ARGELIA'),
	('76', '76100', 'VALLE DEL CAUCA', 'BOLÍVAR'),
	('76', '76109', 'VALLE DEL CAUCA', 'BUENAVENTURA'),
	('76', '76111', 'VALLE DEL CAUCA', 'GUADALAJARA DE BUGA'),
	('76', '76113', 'VALLE DEL CAUCA', 'BUGALAGRANDE'),
	('76', '76122', 'VALLE DEL CAUCA', 'CAICEDONIA'),
	('76', '76126', 'VALLE DEL CAUCA', 'CALIMA'),
	('76', '76130', 'VALLE DEL CAUCA', 'CANDELARIA'),
	('76', '76147', 'VALLE DEL CAUCA', 'CARTAGO'),
	('76', '76233', 'VALLE DEL CAUCA', 'DAGUA'),
	('76', '76243', 'VALLE DEL CAUCA', 'EL ÁGUILA'),
	('76', '76246', 'VALLE DEL CAUCA', 'EL CAIRO'),
	('76', '76248', 'VALLE DEL CAUCA', 'EL CERRITO'),
	('76', '76250', 'VALLE DEL CAUCA', 'EL DOVIO'),
	('76', '76275', 'VALLE DEL CAUCA', 'FLORIDA'),
	('76', '76306', 'VALLE DEL CAUCA', 'GINEBRA'),
	('76', '76318', 'VALLE DEL CAUCA', 'GUACARÍ'),
	('76', '76364', 'VALLE DEL CAUCA', 'JAMUNDÍ'),
	('76', '76377', 'VALLE DEL CAUCA', 'LA CUMBRE'),
	('76', '76400', 'VALLE DEL CAUCA', 'LA UNIÓN'),
	('76', '76403', 'VALLE DEL CAUCA', 'LA VICTORIA'),
	('76', '76497', 'VALLE DEL CAUCA', 'OBANDO'),
	('76', '76520', 'VALLE DEL CAUCA', 'PALMIRA'),
	('76', '76563', 'VALLE DEL CAUCA', 'PRADERA'),
	('76', '76606', 'VALLE DEL CAUCA', 'RESTREPO'),
	('76', '76616', 'VALLE DEL CAUCA', 'RIOFRÍO'),
	('76', '76622', 'VALLE DEL CAUCA', 'ROLDANILLO'),
	('76', '76670', 'VALLE DEL CAUCA', 'SAN PEDRO'),
	('76', '76736', 'VALLE DEL CAUCA', 'SEVILLA'),
	('76', '76823', 'VALLE DEL CAUCA', 'TORO'),
	('76', '76828', 'VALLE DEL CAUCA', 'TRUJILLO'),
	('76', '76834', 'VALLE DEL CAUCA', 'TULUÁ'),
	('76', '76845', 'VALLE DEL CAUCA', 'ULLOA'),
	('76', '76863', 'VALLE DEL CAUCA', 'VERSALLES'),
	('76', '76869', 'VALLE DEL CAUCA', 'VIJES'),
	('76', '76890', 'VALLE DEL CAUCA', 'YOTOCO'),
	('76', '76892', 'VALLE DEL CAUCA', 'YUMBO'),
	('76', '76895', 'VALLE DEL CAUCA', 'ZARZAL'),
	('81', '81001', 'ARAUCA', 'ARAUCA'),
	('81', '81065', 'ARAUCA', 'ARAUQUITA'),
	('81', '81220', 'ARAUCA', 'CRAVO NORTE'),
	('81', '81300', 'ARAUCA', 'FORTUL'),
	('81', '81591', 'ARAUCA', 'PUERTO RONDÓN'),
	('81', '81736', 'ARAUCA', 'SARAVENA'),
	('81', '81794', 'ARAUCA', 'TAME'),
	('85', '85001', 'CASANARE', 'YOPAL'),
	('85', '85010', 'CASANARE', 'AGUAZUL'),
	('85', '85015', 'CASANARE', 'CHÁMEZA'),
	('85', '85125', 'CASANARE', 'HATO COROZAL'),
	('85', '85136', 'CASANARE', 'LA SALINA'),
	('85', '85139', 'CASANARE', 'MANÍ'),
	('85', '85162', 'CASANARE', 'MONTERREY'),
	('85', '85225', 'CASANARE', 'NUNCHÍA'),
	('85', '85230', 'CASANARE', 'OROCUÉ'),
	('85', '85250', 'CASANARE', 'PAZ DE ARIPORO'),
	('85', '85263', 'CASANARE', 'PORE'),
	('85', '85279', 'CASANARE', 'RECETOR'),
	('85', '85300', 'CASANARE', 'SABANALARGA'),
	('85', '85315', 'CASANARE', 'SÁCAMA'),
	('85', '85325', 'CASANARE', 'SAN LUIS DE PALENQUE'),
	('85', '85400', 'CASANARE', 'TÁMARA'),
	('85', '85410', 'CASANARE', 'TAURAMENA'),
	('85', '85430', 'CASANARE', 'TRINIDAD'),
	('85', '85440', 'CASANARE', 'VILLANUEVA'),
	('86', '86001', 'PUTUMAYO', 'MOCOA'),
	('86', '86219', 'PUTUMAYO', 'COLÓN'),
	('86', '86320', 'PUTUMAYO', 'ORITO'),
	('86', '86568', 'PUTUMAYO', 'PUERTO ASÍS'),
	('86', '86569', 'PUTUMAYO', 'PUERTO CAICEDO'),
	('86', '86571', 'PUTUMAYO', 'PUERTO GUZMÁN'),
	('86', '86573', 'PUTUMAYO', 'PUERTO LEGUÍZAMO'),
	('86', '86749', 'PUTUMAYO', 'SIBUNDOY'),
	('86', '86755', 'PUTUMAYO', 'SAN FRANCISCO'),
	('86', '86757', 'PUTUMAYO', 'SAN MIGUEL'),
	('86', '86760', 'PUTUMAYO', 'SANTIAGO'),
	('86', '86865', 'PUTUMAYO', 'VALLE DEL GUAMUEZ'),
	('86', '86885', 'PUTUMAYO', 'VILLAGARZÓN'),
	('88', '88001', 'ARCHIPIÉLAGO DE SAN ANDRÉS, PROVIDENCIA Y SANTA CATALINA', 'SAN ANDRÉS'),
	('88', '88564', 'ARCHIPIÉLAGO DE SAN ANDRÉS, PROVIDENCIA Y SANTA CATALINA', 'PROVIDENCIA'),
	('91', '91001', 'AMAZONAS', 'LETICIA'),
	('91', '91263', 'AMAZONAS', 'EL ENCANTO'),
	('91', '91405', 'AMAZONAS', 'LA CHORRERA'),
	('91', '91407', 'AMAZONAS', 'LA PEDRERA'),
	('91', '91430', 'AMAZONAS', 'LA VICTORIA'),
	('91', '91460', 'AMAZONAS', 'MIRITÍ - PARANÁ'),
	('91', '91530', 'AMAZONAS', 'PUERTO ALEGRÍA'),
	('91', '91536', 'AMAZONAS', 'PUERTO ARICA'),
	('91', '91540', 'AMAZONAS', 'PUERTO NARIÑO'),
	('91', '91669', 'AMAZONAS', 'PUERTO SANTANDER'),
	('91', '91798', 'AMAZONAS', 'TARAPACÁ'),
	('94', '94001', 'GUAINÍA', 'INÍRIDA'),
	('94', '94343', 'GUAINÍA', 'BARRANCO MINAS'),
	('94', '94663', 'GUAINÍA', 'MAPIRIPANA'),
	('94', '94883', 'GUAINÍA', 'SAN FELIPE'),
	('94', '94884', 'GUAINÍA', 'PUERTO COLOMBIA'),
	('94', '94885', 'GUAINÍA', 'LA GUADALUPE'),
	('94', '94886', 'GUAINÍA', 'CACAHUAL'),
	('94', '94887', 'GUAINÍA', 'PANA PANA'),
	('94', '94888', 'GUAINÍA', 'MORICHAL'),
	('95', '95001', 'GUAVIARE', 'SAN JOSÉ DEL GUAVIARE'),
	('95', '95015', 'GUAVIARE', 'CALAMAR'),
	('95', '95025', 'GUAVIARE', 'EL RETORNO'),
	('95', '95200', 'GUAVIARE', 'MIRAFLORES'),
	('97', '97001', 'VAUPÉS', 'MITÚ'),
	('97', '97161', 'VAUPÉS', 'CARURÚ'),
	('97', '97511', 'VAUPÉS', 'PACOA'),
	('97', '97666', 'VAUPÉS', 'TARAIRA'),
	('97', '97777', 'VAUPÉS', 'PAPUNAUA'),
	('97', '97889', 'VAUPÉS', 'YAVARATÉ'),
	('99', '99001', 'VICHADA', 'PUERTO CARREÑO'),
	('99', '99524', 'VICHADA', 'LA PRIMAVERA'),
	('99', '99624', 'VICHADA', 'SANTA ROSALÍA'),
	('99', '99773', 'VICHADA', 'CUMARIBO');
/*!40000 ALTER TABLE `municipios` ENABLE KEYS */;

-- Volcando estructura para tabla dbtelestroke.pacientes
CREATE TABLE IF NOT EXISTS `pacientes` (
  `IdPaciente` int(11) NOT NULL AUTO_INCREMENT,
  `PrimerNombre` varchar(255) DEFAULT NULL,
  `SegundoNombre` varchar(255) DEFAULT NULL,
  `PrimerApellido` varchar(255) DEFAULT NULL,
  `SegundoApellido` varchar(255) DEFAULT NULL,
  `IdTipoDocIdent` varchar(3) DEFAULT NULL,
  `NumeroDocIdentidad` varchar(255) DEFAULT NULL,
  `Sexo` varchar(10) DEFAULT NULL,
  `FechaNacimiento` date DEFAULT NULL,
  `CODDPTONacimiento` varchar(2) DEFAULT NULL,
  `CODMPIONacimiento` varchar(5) DEFAULT NULL,
  `CODDPTOResidencia` varchar(2) DEFAULT NULL,
  `CODMPIOResidencia` varchar(5) DEFAULT NULL,
  `DireccionResidencia` varchar(255) DEFAULT NULL,
  `TelefonoResidencia` varchar(255) DEFAULT NULL,
  `TelefonoCelular` varchar(255) DEFAULT NULL,
  `Aseguradora` varchar(255) DEFAULT NULL,
  `h_NumeroDocIdentidad` varchar(255) DEFAULT NULL,
  `h_PrimerNombre` varchar(255) DEFAULT NULL,
  `h_PrimerApellido` varchar(255) DEFAULT NULL,
  PRIMARY KEY (`IdPaciente`),
  UNIQUE KEY `Unico` (`IdTipoDocIdent`,`NumeroDocIdentidad`)
) ENGINE=InnoDB AUTO_INCREMENT=68 DEFAULT CHARSET=utf8;

-- Volcando datos para la tabla dbtelestroke.pacientes: ~24 rows (aproximadamente)
DELETE FROM `pacientes`;
/*!40000 ALTER TABLE `pacientes` DISABLE KEYS */;
INSERT INTO `pacientes` (`IdPaciente`, `PrimerNombre`, `SegundoNombre`, `PrimerApellido`, `SegundoApellido`, `IdTipoDocIdent`, `NumeroDocIdentidad`, `Sexo`, `FechaNacimiento`, `CODDPTONacimiento`, `CODMPIONacimiento`, `CODDPTOResidencia`, `CODMPIOResidencia`, `DireccionResidencia`, `TelefonoResidencia`, `TelefonoCelular`, `Aseguradora`, `h_NumeroDocIdentidad`, `h_PrimerNombre`, `h_PrimerApellido`) VALUES
	(28, '6/UVQZikIUKl7r6a7MxGhr1eTA==', 'PYVljH08+TfQrVKUuOumSILf', '4Ae5nY8/6Y0Tl0wg8fv1j3k43g==', 'UpOllNHAtwEOXzWwAYVo8f7h', 'PA', 'wQ0AaLy/xVQm92KXtQEI0xqd6Q==', 'M', '2020-06-01', '91', '91405', '05', '05440', 'XDVNpLkd2diWmtNrKh6wqqQnNXUFOiLzoBV7bdDNqKiB', 'kj+lMvbSZVrJX215R8cd7GVI3assSMI=', 'QHGF85vuBlGGAa986PANCtF3w2Y1DVylu/k=', 'SURAMENTE', 'ba621c3165482cb50f3362a11b6568f4d0df991df91b2623bf21d70134260d67', '3b86e96456d78dd9084be7fe931c18a1a7274858f44e9077e58fa8a7fead02a5', 'dd661c6d8c9f8ee9d620936ecf840d6dcf1f8b4ec466924d288a98826c097b37'),
	(29, 'xL9TFt9FlUaYlTZO/Q31hFk3sQ==', 'W09tLCZQI/ynK9e2xFteVA==', 'mT4DzTVbjUqya7tUTXMS4RroZA==', 'yPy8J9Cr6+XPKXqjS+VBDg==', 'CC', 'afPJsAUdxqfRW0WD/32zLhhtAGN0eEEq', 'M', '1992-06-15', '05', '05088', '05', '05001', 'mJ1nLvrVujSwpelCDN/qfQ==', 'ZnlVoD5PXzVxGGAqEPxbpA==', 'IYwW/SboAg0AKmn2W57qGQ==', '', '3ee4b03bd943e53a3e014603d580b06750f3b48d841a1fca04d1aae249c4cede', '27df6a6772c45ed4ef011c670e65a84602e3442e39602c51b0219a9c9e1c498b', '12bf6eef62ed48a91d115acbc5fe0c05408e7f77403d290ed9edcdc4c46065f6'),
	(30, '1Oh7zPc2OEkNk5xiVlQRY6FQjQ==', 'QJ0CCpiDAxiiTBSABXA8cw==', '2MotMJccZwMs6lbQ73awl8pDLQ==', 'TzXzMoKWbfM/bnhvIorEMuVy0A==', 'CC', '8kwlXdUVA1bmK+i19nvkpplZDyM=', 'F', '1971-04-12', '08', '08078', '20', '20045', 'y1Sbpe1qoHgdhB4oVwAmmw==', 'a699Sz9wAJRiwYjbw3U6bA==', 'WhrbaOJ//G0gtkVIdLtDSg==', 'EPS DE LA COSTA', 'f56cb90df0a89fb4e5fe4c2ed11bb81795ea8eefcc04f7ca4cfe6c600334fa92', 'c8b50de9dad934d01c4f3eeacc8e23a68e1a6f5e5c350e2ee32cfb84dcb66226', '030b3905631b1d77d11b4528e178701571a5694b167eda8f3fd832384bc4b448'),
	(47, '/n/5xmSxjMJVDqJq1FgJ2HxZHPObEA==', 'ngrC+viXOwE4j5ibmUR+EFY2', 'aE214Y7tDJN3vdHeno+3xQAx4lHXIw==', 'GyqdVMtYe5PaGJIIxMAi4nvi', 'RC', 'VtRf/4S3UL5yk9IcrAfxA9ahsfcqLszn3TY=', 'F', '2020-01-06', '13', '13006', '-1', 'null', 'n6ipwB1QlDGco2ofb9+Anw==', 'nodbjcnGsZnV9leVWsQO2A==', '+baDX8rCOXy2Hn11AZf8ng==', NULL, '39246987c0481efa00fbc3bd81b2fdad334787665fc623d845ec3baff0ea7122', '4379b58d2cbe2147bca433de42d4c676224554ec449b5fec8645f552d77ba496', 'e912edf03fbc494a129b055a933c069a0f55ed9507f6a4813b70f6691dc68874'),
	(48, 'LJoQrnx3hIkJVwQdtC3NiY+JL//c', 'LWzHZQ/c4UuTObvBCTKnPWnIgyIwow==', '+J110Pt1yCf/TXrqlHc41Stp49IeeScmuw==', 'EeQCOcom5BiPN+48g24p6HFlVpJBcA==', 'CC', 'BYD/TTPG1LcPuAR9U8VJgTIHj5jrLtsf', 'M', '1959-09-01', '11', '11001', '11', '11001', 'uUPfG3m6gQ6YUMeNLPOplyeYF2PQPaJrEVJdPqU=', '2Fq3PrNmxq5cAOXaT3izniQPRCrZDCo=', 'zRrHoM2zrbuRkzNAn5Th80dkZIEHltVnAg==', 'Capital salud', '355ec8c1f957dea8affc5d874316402161f0aed7e965df377a7c31e06ac57ef9', '38c25df5407cd990ccd751856a9502e9cad426556be2298deb62cfff0a238c0f', 'bdcffa3ed80ac7369089ad0ab64f842236111fba1feaffe7aecca4ccd4c843bf'),
	(49, '14nzsKq9kyVioGUX4daKq0CxRR0=', '3nbXCuEbakWx+sTUFz9RkQ==', 'IhxTp+Cgv06sf+pRShHFWxE08gqO9A==', 'C3YJtsZuJEyAdgdU1IxXaw==', 'CC', '1S0J2B/WOln+Qou9FmQ/fWKghTdN/MC0', 'F', NULL, '11', '11001', '11', '11001', 'jl0UNSa5KvP5Z9omeTGssg==', 'STfGlJpME1uLjwvxst89vA==', 'MTlNTRBdZbEYms7qECJ07g==', NULL, '7be28a4f3ecdd44442a53347799ab7768a9ec6753e05ecdba9f3ac7fe6f47406', 'e7992b23b7d9bbd1e88d08893d7543cfffcb28ae9ee0f08b35faab6f0eed64b4', '0909976cfb2e21cb49e7b6e5bcb195d7f14094113f387e7432c88c0892b55110'),
	(50, '2iGbxhxF+othR+NXjL9XIYfqjV3E/w==', 'G7Iav0qe2kd42+qNysVRJA==', 'ytg1tFh39qtSWPtL8C2MUTr/S6ALNQ==', 'c8thrnz4oJMYhzRFWeg0hQ==', 'CC', 'QOa8kYB+EF3Nz01J/EX701ZmLe+qR+8=', 'M', NULL, '11', '11001', '11', '11001', '4VnBQw49fRZpfoK8fIC5AA==', 'XHP7uPpGgKMl0to/he0kpQ==', 'DkQ4lEPA+TQB59MiKpQpvw==', NULL, 'f7e1cc6372a7bb80fe37537a70ab4ec051d78b7a2c4775cb9a7b3421a5ba96c8', '21e817db49c450aa46dcb80d1d8d250e408d176e9f6a8106a9be7d2a848fceb5', '42108552845c4968719dff1a8819603564714ba96c92f12b517d89f1bfa9e26c'),
	(51, 'YiksOiIXF7+NzBxiiaLQFAFxF3o=', 'PCCisOR/EmnMArA6odFMog==', '4bcjk+kOmrLppH73ocH/SM01BX6s', 'T2IMgBnm4S6qxTZFOBM5Hw==', 'CC', '1qrVdcynZ/ThGXVSlziAJ8mLzDIPcArv', '-1', NULL, '11', 'null', '11', 'null', 'yT8ca50BCOv0bBbq/QHwoQ==', 'KJwf+Saa8IglDybyEWVh6Q==', '8lfzvOL/1RrFaN2oMiNVZQ==', NULL, 'f2935e198f07e6154400cb4893c7cd1756b4bf136e48fbce1790286523315eca', '3fbea2598b076dd1c9481e979f43c953f791c6681a6313305628ffedfae01b14', 'c531a1ea9388b9f9aca72cb639d7217c5d31365b20bd82794349fd7a4f20778e'),
	(52, 'coTznysXjtEuVwqWe5ubLW7Wmjk=', 'v+XRc/CnGbDLZD40/wQvmg==', 'bsBUEnllauwcy73ln9obyhtQjJU8AGBjMQ==', 'RsGtc1N/j8piBtw8lsDjNg==', 'CC', 'nLoXed4uM6F4HcFUfzUh3eKMJT28EfL0', 'F', NULL, '-1', 'null', '11', '11001', 'CvWchAhh7wJXMsgJqCATuw==', 'CI3pSOlTgSJrrnZjye21/g==', 'C7NEeWXXTetg+Id09qaBWw==', NULL, 'faa3a639f6898d71fec9842efed755dd7c1ee859ca62486549cf645d78ef9e4f', 'eb4b4c9591db370464822f33df99d98763508babe0b83a58a05f1943aa3d1ce0', 'bb70f1dae613f7b1cec6bc9c490083d2b1a11fbf26b813fb4dd0226a027bafc2'),
	(53, 'foFG7htUHk64U72lNyZHG6vnJ3qT', 'NdulP2DAhSy8HMcE2NJvmQ==', 'SJVAtY6387+3B1GmXe1Qqw8E740=', 'G01KwEY9+Z4yknw4uPmSvQ==', 'CC', 'xVsZPVVlaoMrKvUhmCsx/FWVzHgsPJ2i', 'M', NULL, '11', '11001', '11', '11001', 'fQnGwhG10ep6qR1LH8ByJw==', 'xvH8GvifgPv3xIv9s9X4yg==', 'tRCh4yl/CbzmnTtBzfUxFw==', NULL, '4337307cdb23892d5fd7354eb6aca6ad2ab24155a737ec82e7d2b85ba6e6d062', '705155df32b9f969357ba9ce53cec63e560602b07b8a72792599632fcfe6ced3', 'a0eb3ffbc0687098dc66856f951acf55890d2481466cb16c1afcc05567153ee9'),
	(54, 'bvu7qEvhdWPnA6Fne3IcEpLJKvAB', 'chastpVva1vh8HAzhglLQQ==', '+fSMMnVAJ0+ymV1fgVlpXr79JYk=', 'H/C2wyy2FSuWqlKp1jGH+w==', 'CC', 'pRgmi2SpSAb2uiM7e8tl99AmciB52OlW', 'M', NULL, '11', '11001', '11', '11001', 'l4Q8hKEE4/BuTFsFEmkCog==', 'vclTi9DjD6VT/gYjuT6R9g==', 'Es4DpbQ4MqCTGJMenx/IuA==', NULL, '4337307cdb23892d5fd7354eb6aca6ad2ab24155a737ec82e7d2b85ba6e6d062', '705155df32b9f969357ba9ce53cec63e560602b07b8a72792599632fcfe6ced3', 'a0eb3ffbc0687098dc66856f951acf55890d2481466cb16c1afcc05567153ee9'),
	(55, 'qUaInsDAP8VDVUbYwKl88CRYhcU=', 'lh/lS0As7KnuzzBFY5FjYQ==', '/6QWkqVkfypadvb8ftynQ3TP9pt9QtSb', 'IFHQKR77INUekaH1zlTZnw==', 'CC', 'BC3d/gTum48HVapyfIgl+I7v6lhEQH4I', 'M', '1974-02-19', '11', '11001', '11', '11001', 'uTNoTNOLc0I0/c4SVJ4SqA==', '2qsRYV7kNZpSLlsok42ZEg==', 'aZBtymlh+JWn4Af0NRJBoA==', NULL, 'ddb94aed7dd8dab1d7e5d784583daa3746fe0d4feb5aa0f63353fef7156e708b', 'a22c42657924910b04a8f41a144412ca59b4e795a33155cea9e82635fdfbccd7', 'd3a926920f4448deb2a19c1853dc09e3b490bc7a490fff0855e34f5e04b7dcfc'),
	(56, 'zhQh1pTReoOQtthWUi11CWE2Log=', 'XVbqHk23rxyuf+H7UzDfgw==', 'gTnr3Ji0jgyw3TaxzxZ6/palghoPeuu8', 'rTtEoiRP08HRicglc3LaPQ==', 'CC', 'JGlllta09NlMRbBoCVhWqmnQL2lnSej9', 'M', '1974-02-19', '11', '11001', '11', '11001', 'xro1FCIK8YPY1GcQNFx/MQ==', 'G2plrg73DU8brmABAjdTkw==', 'lEmYqjB31xCcSNhHrfDeHw==', NULL, 'ddb94aed7dd8dab1d7e5d784583daa3746fe0d4feb5aa0f63353fef7156e708b', 'a22c42657924910b04a8f41a144412ca59b4e795a33155cea9e82635fdfbccd7', 'd3a926920f4448deb2a19c1853dc09e3b490bc7a490fff0855e34f5e04b7dcfc'),
	(57, '3EdB0hssRi9Plkl/5X7bs/1tPDec', '6B4HsnMr+ZxlA/WmJNIh7g==', 'tNmqG9r/2Rvalf8OQHFeGuBbti3i8hU=', 'j+6cHZqI3zmfDWh/UmA25Q==', 'CC', 'AuwQKE1DEs8cgcfBj+UKL0or8zOOH27h', 'F', '1954-04-22', '11', '11001', '11', '-1', 'B3uJ7uFbBCQpDrbcbaboWw==', 'EmTYGpMIFGh4aAQzbdNohw==', 'dVoY5mTxmJNaw+Ed3HDHZw==', NULL, '73f0df1d468eb5ae3b55421139f22f8b74a3a4141195162c2beb51dc4988967f', 'e87890352de70442f27986f0e61a1b6f031764504957ba13c426433f9adedf2e', 'd4e879b39e99d5b93d031b6ebf4133e026944c3d2a4828eb485142175885fa52'),
	(58, 'EP1lUDQla2VzwmcDNjONAeLclmeA', 'OZ9tv6gONd0UH71mEtb20A==', '+cjSuiXcgUe8+zx56zLDqEisqI1ba9M=', 'p3XS9yfOALeXkJW5YzSTCA==', 'CC', '/eYQVI4ZKNiVwRHcPQzefrZyzT9dQYL5', 'F', '1954-04-22', '11', '11001', '11', '-1', '34doZ2tXGrDnf0AeHp01vA==', '/yGRShkWMFhvIDwiMXBNPw==', 'qFfzIsc5NNxhKrUzFGHywA==', NULL, '73f0df1d468eb5ae3b55421139f22f8b74a3a4141195162c2beb51dc4988967f', 'e87890352de70442f27986f0e61a1b6f031764504957ba13c426433f9adedf2e', 'd4e879b39e99d5b93d031b6ebf4133e026944c3d2a4828eb485142175885fa52'),
	(59, 'tAUC+h7ArZtvEKN1Ot583exQqpbKlw==', 'f9zUwvSERDt6LbuYWo6wUw==', 'sgfZWIehhgUzyyKbTb3h8O9EDikIWT3+', 'joDKx/86YCpEOv25JHJvrA==', 'CC', 'E79mvXklyxVAfG4BC3+ENZR99ItumA==', 'M', '1946-10-30', '11', '11001', '11', '11001', 'Uk2acg5Kb/RY3ii155AQDQ==', 'PX68eaCE3S+UQo2rb8Zz8Q==', 'TJyvXHeWHz9fH7arilco5g==', NULL, '64a5a52728684fd693b13322da7989a885d8cf604e081d20361216b9c2907d85', '21e817db49c450aa46dcb80d1d8d250e408d176e9f6a8106a9be7d2a848fceb5', 'd3a926920f4448deb2a19c1853dc09e3b490bc7a490fff0855e34f5e04b7dcfc'),
	(60, 'P/H7f+lVoquqBSH1iLjbCHqe6G6DAA==', 'MzjG0amPz1pm2s9zbk/Syw==', 'o0omNBcmT9raWHUDsBwFYnkHNVJng/I+', 'Ae5WbDhZX/AQFKsUIsCOzA==', 'CC', 'opETcxhwS6+MdWlPeH5eCJ0w/Le3ug==', 'M', '1946-10-30', '11', '11001', '11', '11001', 'Z5c/FEo2V5KKJkGYciItAA==', 'BiqB57k363hV9bqNm1HP3A==', 'fuWZJc6Zo8g6RALjoevnKw==', NULL, '64a5a52728684fd693b13322da7989a885d8cf604e081d20361216b9c2907d85', '21e817db49c450aa46dcb80d1d8d250e408d176e9f6a8106a9be7d2a848fceb5', 'd3a926920f4448deb2a19c1853dc09e3b490bc7a490fff0855e34f5e04b7dcfc'),
	(61, '1E6IpF0y+Ni5m3OI8QWb98ZBaY9N8+Y=', 'SaNOeAmzyz0jxruDDbZifQ==', 'xdTMv+L+5rEDZboqxiEFtq6yYLCqqhs=', 'p/trbQT3J41Zc0beFpVQjw==', 'CC', 'So4qwyLmhyYCwwr3elsIInvW+0g8kH+i', 'M', NULL, '11', '11001', '11', '11001', 'ikmrUlQhW+QO9Wbq58Of1g==', '5tm8IRoKgYUhn2Lyj6ax0Q==', 'KE+ikf2EJnwQATEyO76STg==', NULL, '8b271f98d69b44727ddfb5ab76aaca0eea1917d1bf7b1f32039c1dad7087c146', '8ab95ab20e58ff12b64067c482cb43e97e08c54ceec5582d5dae07be7b1cfcad', '76cc60b86439a23e0b5a8e47232f014198c117d5c593a1495f860df0780d84a6'),
	(62, 'dBMaMr5/iHgjdlXYiDJ4FqJE2ND7+Cs=', 'EGqWBAtgd3SogjVEoFPV0w==', '2ZNefR4iIVlvFfHlC3KBmWx2bd7jtZU=', 'IcdYPrDdQY8cMoefN8jRUQ==', 'CC', 'NKbMmx3M/nkNVpDMhv8yIBMFqBC8hPEt', 'M', NULL, '11', '11001', '11', '11001', 'aE+p1vn7RJ1Vn+kxNUX+5A==', 'g4pIOBCNdxWgUc32zamNHA==', '/3VTmLo/ngYs+f9mykpcsQ==', NULL, '8b271f98d69b44727ddfb5ab76aaca0eea1917d1bf7b1f32039c1dad7087c146', '8ab95ab20e58ff12b64067c482cb43e97e08c54ceec5582d5dae07be7b1cfcad', '76cc60b86439a23e0b5a8e47232f014198c117d5c593a1495f860df0780d84a6'),
	(63, '/S6EPFyhhwZR/MS5w/hEUGqpj/MBYQ==', 'WJypBgVH0vOI0Z4/2fCT1w==', 'r9M3LLI3Gkblf7s5XiwD7/7yfWV+0POqGQ==', 'tSIUiVv5R1eKAj6PlQahag==', 'CC', '8yuI9ON1G7s9q1D+4Xj0OYpaLUNBHnvv', 'F', NULL, '11', '11001', '11', '11001', 'qQYakg60OwnqoBzs4Zf5vA==', 'tj6PjAmDwTskoRspWpvAVA==', '0Lqw61yO+ONKjosWcW+nkw==', NULL, 'c74819b60d34e6b3932d2a5c9fb9b16f3315bc5b4eec9c89546006a85e39075b', '89b6517ee2ddb4ca0acd1d623362508f87415319ac4fcbea0a25ecb3cb29a082', '8e973b4ec962d3b49a3e715efb626881fa08ba065b078038606ea198d49976c7'),
	(64, 'ptyeiEAnkVxw/cSP72/rcjf08jzK/ds=', 'bCz56w5wm57jzMdgM8520g==', 'YkgPNbN6/m8JEVLLSo2Lzv2c1IudOQ==', 'GCTJaOtUIkZ8MQgHU/cZSA==', 'CC', 'PtW2sRhnHHxJGQd9MJbipkaQE4/yKRzc', 'M', '1976-11-17', '11', '11001', '11', '-1', 'GUTynR+LxaBsAXxdclxctQ==', '/aelbmmLmRLWTLFzihUF4Q==', 'kRKghWEM1tm6iQ0SdoHuEg==', NULL, '5c51ef7ae6f4a922b51003b7d9368d3cb26fe4873489982ed86914fff318ed43', '18bc00ed3dba8665dfbd9631bf7b561368c5a846ae0b5aff501c5bee815d1856', 'c60d74e91f70953e7367ef0516c443ea137311d2d0c8b071704910aa741173c4'),
	(65, '1Z/LLN62FYNDpLFcpMewtxSjYrtOVIM=', 'xU8r2Z4S4E0ZocNmOPiFvw==', 'z7L546ws0Tp9la1+NcdpZ0dwQqJfjg==', 'CUPkkqWR4qwSdXc0HWfYUA==', 'CC', 'hdmpOt6NXXq4uELAZAo0jGkwt1h4u7eS', 'M', '1976-11-17', '11', '11001', '11', '-1', '3NW66jM35mP458T2ZOZr8g==', 'UhbeW5+v/C+yGLL3fCwwmQ==', 'rRxjwnvPU4cnrz1zxzG8UA==', NULL, '5c51ef7ae6f4a922b51003b7d9368d3cb26fe4873489982ed86914fff318ed43', '18bc00ed3dba8665dfbd9631bf7b561368c5a846ae0b5aff501c5bee815d1856', 'c60d74e91f70953e7367ef0516c443ea137311d2d0c8b071704910aa741173c4'),
	(66, 'IwVlpvEBDks+swJANKF69ijW2l64', 'Zydk1VTYcMy5iZ9xZTIiKA==', 'r3Br5vvH0XpjDu6LG/nJYDAhg6hILg==', 'Unok5CQNfRPSPoADiCIrQA==', 'CC', 'naYgJxhGjuLGTq3lyLDzwZNiA5f8w9h/', 'M', '1957-07-19', '11', '11001', '11', '-1', 'lZs2qRHhpCPsNYaL1iLtvA==', 'vKZQcU0f8sTlA0iTFMdJ3w==', 'eRlkdOxh1mSw0zXC0x++jw==', NULL, '4a467cd4e617f25d36fe3df2b5ab5cefb2b44f7dc4a7b3f0b8c7097097c53420', 'b658001cabd75a68fcf8eb22fd4557b04b2b1075fd6e56e611894bb698489ad9', '887eb4f6aaa48ad9a19bdf3d29174ac5e2d2a3ce18551ca2ba6f7534e39e41be'),
	(67, 'jzUH0f2GL3UrPgNXeOxI8rUP7rn2', 'VH63sFK029XXqUzUFBBNrg==', 'sDnhA4qd5HnKZEde4f3SRD+tOXy67Q==', 'lQDVKR+deGPVvkBjeOMLTw==', 'CC', '56yogfRg70CP3aU6ppG4vVXYUIpp9nMx', 'M', '1957-07-19', '11', '11001', '11', '-1', 'j8j5sHqtNxfFk3WGcJITxg==', 'A8r/Nc1/1r2/PeHH47gvbg==', 'qIUE79Htf/iilvCQdY/8hg==', NULL, '4a467cd4e617f25d36fe3df2b5ab5cefb2b44f7dc4a7b3f0b8c7097097c53420', 'b658001cabd75a68fcf8eb22fd4557b04b2b1075fd6e56e611894bb698489ad9', '887eb4f6aaa48ad9a19bdf3d29174ac5e2d2a3ce18551ca2ba6f7534e39e41be');
/*!40000 ALTER TABLE `pacientes` ENABLE KEYS */;

-- Volcando estructura para tabla dbtelestroke.tipoacv
CREATE TABLE IF NOT EXISTS `tipoacv` (
  `IdTipoACV` int(10) unsigned NOT NULL DEFAULT '0',
  `TipoACV` varchar(255) DEFAULT NULL,
  PRIMARY KEY (`IdTipoACV`)
) ENGINE=InnoDB DEFAULT CHARSET=latin1;

-- Volcando datos para la tabla dbtelestroke.tipoacv: ~3 rows (aproximadamente)
DELETE FROM `tipoacv`;
/*!40000 ALTER TABLE `tipoacv` DISABLE KEYS */;
INSERT INTO `tipoacv` (`IdTipoACV`, `TipoACV`) VALUES
	(0, 'No visible'),
	(1, 'Hemorrágico'),
	(2, 'Isquémico');
/*!40000 ALTER TABLE `tipoacv` ENABLE KEYS */;

-- Volcando estructura para tabla dbtelestroke.tipoantecedentes
CREATE TABLE IF NOT EXISTS `tipoantecedentes` (
  `IdTipoAntecedente` int(10) unsigned NOT NULL AUTO_INCREMENT,
  `TipoAntecedente` varchar(45) NOT NULL DEFAULT '',
  PRIMARY KEY (`IdTipoAntecedente`),
  KEY `Unico` (`TipoAntecedente`)
) ENGINE=InnoDB AUTO_INCREMENT=12 DEFAULT CHARSET=utf8;

-- Volcando datos para la tabla dbtelestroke.tipoantecedentes: ~11 rows (aproximadamente)
DELETE FROM `tipoantecedentes`;
/*!40000 ALTER TABLE `tipoantecedentes` DISABLE KEYS */;
INSERT INTO `tipoantecedentes` (`IdTipoAntecedente`, `TipoAntecedente`) VALUES
	(9, 'ACV previo'),
	(3, 'Diabetes Mellitus'),
	(6, 'Dislipidemia'),
	(5, 'Enfermedad coronaria'),
	(7, 'Enfermedad Renal Crónica'),
	(2, 'Fibrilación Auricular'),
	(1, 'Hipertensión arterial'),
	(11, 'Seleccionar...'),
	(8, 'Síndrome de Apnea-hipopnea del sueño'),
	(4, 'Tabaquismo'),
	(10, 'Trombofilia');
/*!40000 ALTER TABLE `tipoantecedentes` ENABLE KEYS */;

-- Volcando estructura para tabla dbtelestroke.tipocircisque
CREATE TABLE IF NOT EXISTS `tipocircisque` (
  `IdTipoCircIsque` int(10) unsigned NOT NULL DEFAULT '0',
  `TipoCircIsque` varchar(150) DEFAULT NULL,
  PRIMARY KEY (`IdTipoCircIsque`)
) ENGINE=InnoDB DEFAULT CHARSET=latin1;

-- Volcando datos para la tabla dbtelestroke.tipocircisque: ~2 rows (aproximadamente)
DELETE FROM `tipocircisque`;
/*!40000 ALTER TABLE `tipocircisque` DISABLE KEYS */;
INSERT INTO `tipocircisque` (`IdTipoCircIsque`, `TipoCircIsque`) VALUES
	(1, 'Anterior'),
	(2, 'Posterior');
/*!40000 ALTER TABLE `tipocircisque` ENABLE KEYS */;

-- Volcando estructura para tabla dbtelestroke.tipodeficitneuro
CREATE TABLE IF NOT EXISTS `tipodeficitneuro` (
  `IdTipoDeficitNeuro` int(10) unsigned NOT NULL AUTO_INCREMENT,
  `TipoDeficitNeuro` varchar(45) NOT NULL DEFAULT '',
  PRIMARY KEY (`IdTipoDeficitNeuro`)
) ENGINE=InnoDB AUTO_INCREMENT=4 DEFAULT CHARSET=utf8;

-- Volcando datos para la tabla dbtelestroke.tipodeficitneuro: ~3 rows (aproximadamente)
DELETE FROM `tipodeficitneuro`;
/*!40000 ALTER TABLE `tipodeficitneuro` DISABLE KEYS */;
INSERT INTO `tipodeficitneuro` (`IdTipoDeficitNeuro`, `TipoDeficitNeuro`) VALUES
	(1, 'Significativo'),
	(2, 'No significativo'),
	(3, 'Mejora espontáneamente');
/*!40000 ALTER TABLE `tipodeficitneuro` ENABLE KEYS */;

-- Volcando estructura para tabla dbtelestroke.tipodocident
CREATE TABLE IF NOT EXISTS `tipodocident` (
  `IdTipoDocIdent` varchar(3) NOT NULL DEFAULT '',
  `TipoDocIdent` varchar(50) DEFAULT NULL,
  PRIMARY KEY (`IdTipoDocIdent`),
  UNIQUE KEY `Unico` (`TipoDocIdent`)
) ENGINE=InnoDB DEFAULT CHARSET=utf8;

-- Volcando datos para la tabla dbtelestroke.tipodocident: ~5 rows (aproximadamente)
DELETE FROM `tipodocident`;
/*!40000 ALTER TABLE `tipodocident` DISABLE KEYS */;
INSERT INTO `tipodocident` (`IdTipoDocIdent`, `TipoDocIdent`) VALUES
	('CC', 'Cédula de Ciudadanía'),
	('CE', 'Cédula de Extranjería'),
	('PA', 'Pasaporte'),
	('RC', 'Registro civil'),
	('TI', 'Tarjeta de Identidad');
/*!40000 ALTER TABLE `tipodocident` ENABLE KEYS */;

-- Volcando estructura para tabla dbtelestroke.tipoescenario
CREATE TABLE IF NOT EXISTS `tipoescenario` (
  `IdTipoEscenario` int(10) unsigned NOT NULL DEFAULT '0',
  `TipoEscenario` varchar(255) DEFAULT NULL,
  PRIMARY KEY (`IdTipoEscenario`)
) ENGINE=InnoDB DEFAULT CHARSET=latin1;

-- Volcando datos para la tabla dbtelestroke.tipoescenario: ~3 rows (aproximadamente)
DELETE FROM `tipoescenario`;
/*!40000 ALTER TABLE `tipoescenario` DISABLE KEYS */;
INSERT INTO `tipoescenario` (`IdTipoEscenario`, `TipoEscenario`) VALUES
	(1, 'Escenario 1'),
	(2, 'Escenario 2'),
	(3, 'Escenario 3');
/*!40000 ALTER TABLE `tipoescenario` ENABLE KEYS */;

-- Volcando estructura para tabla dbtelestroke.tipohemo
CREATE TABLE IF NOT EXISTS `tipohemo` (
  `IdTipoHemo` int(10) unsigned NOT NULL DEFAULT '0',
  `TipoHemo` varchar(255) DEFAULT NULL,
  PRIMARY KEY (`IdTipoHemo`)
) ENGINE=InnoDB DEFAULT CHARSET=latin1;

-- Volcando datos para la tabla dbtelestroke.tipohemo: ~2 rows (aproximadamente)
DELETE FROM `tipohemo`;
/*!40000 ALTER TABLE `tipohemo` DISABLE KEYS */;
INSERT INTO `tipohemo` (`IdTipoHemo`, `TipoHemo`) VALUES
	(1, 'Hemorragia subaracnoidea'),
	(2, 'Hemorragia intraaxial/Hematoma intraparenquimatoso ');
/*!40000 ALTER TABLE `tipohemo` ENABLE KEYS */;

-- Volcando estructura para tabla dbtelestroke.tipormcontras
CREATE TABLE IF NOT EXISTS `tipormcontras` (
  `IdRMcontraindicacion` int(11) NOT NULL DEFAULT '0',
  `RMcontraindicacion` varchar(255) DEFAULT NULL,
  PRIMARY KEY (`IdRMcontraindicacion`)
) ENGINE=InnoDB DEFAULT CHARSET=utf8;

-- Volcando datos para la tabla dbtelestroke.tipormcontras: ~17 rows (aproximadamente)
DELETE FROM `tipormcontras`;
/*!40000 ALTER TABLE `tipormcontras` DISABLE KEYS */;
INSERT INTO `tipormcontras` (`IdRMcontraindicacion`, `RMcontraindicacion`) VALUES
	(0, 'NO REPORTADA'),
	(1, 'Tatuajes'),
	(2, 'Marcapasos transcutáneo'),
	(3, 'Cardiodesfribrilador'),
	(4, 'Clips de aneurisma'),
	(5, 'Cuerpos extraños o fragmentos metálicos'),
	(6, 'Stent coronarios o arteriales'),
	(7, 'Válvulas prostéticas'),
	(8, 'Filtros de vena cava o coils de embolización'),
	(9, 'Sistemas de neuroestimulación'),
	(10, 'Reemplazo articular'),
	(11, 'Embarazo o lactancia'),
	(12, 'Insuficiencia renal'),
	(13, 'Portadores de bombas de insulina'),
	(14, 'Dispositivos anticonceptivos permanentes o pesarios'),
	(15, 'Implantes cocleares'),
	(16, 'Claustrofobia');
/*!40000 ALTER TABLE `tipormcontras` ENABLE KEYS */;

-- Volcando estructura para tabla dbtelestroke.tipotiempo
CREATE TABLE IF NOT EXISTS `tipotiempo` (
  `IdTipoTiempo` int(10) unsigned NOT NULL DEFAULT '0',
  `TipoTiempo` varchar(45) NOT NULL DEFAULT '',
  PRIMARY KEY (`IdTipoTiempo`)
) ENGINE=InnoDB DEFAULT CHARSET=utf8;

-- Volcando datos para la tabla dbtelestroke.tipotiempo: ~3 rows (aproximadamente)
DELETE FROM `tipotiempo`;
/*!40000 ALTER TABLE `tipotiempo` DISABLE KEYS */;
INSERT INTO `tipotiempo` (`IdTipoTiempo`, `TipoTiempo`) VALUES
	(1, 'Dentro de Ventana Terapéutica (<= 6 horas)'),
	(2, 'Fuera de Ventana Terapéutica (6 a 24 horas)'),
	(3, 'Fuera de Ventana Terapéutica (> 24 horas)');
/*!40000 ALTER TABLE `tipotiempo` ENABLE KEYS */;

-- Volcando estructura para tabla dbtelestroke.tipotiempoinfarto
CREATE TABLE IF NOT EXISTS `tipotiempoinfarto` (
  `IdTiempoInfarto` int(11) NOT NULL,
  `TiempoInfarto` varchar(45) DEFAULT NULL,
  PRIMARY KEY (`IdTiempoInfarto`)
) ENGINE=InnoDB DEFAULT CHARSET=utf8;

-- Volcando datos para la tabla dbtelestroke.tipotiempoinfarto: ~3 rows (aproximadamente)
DELETE FROM `tipotiempoinfarto`;
/*!40000 ALTER TABLE `tipotiempoinfarto` DISABLE KEYS */;
INSERT INTO `tipotiempoinfarto` (`IdTiempoInfarto`, `TiempoInfarto`) VALUES
	(0, 'Agudo'),
	(1, 'Subagudo'),
	(2, 'Crónico');
/*!40000 ALTER TABLE `tipotiempoinfarto` ENABLE KEYS */;

-- Volcando estructura para tabla dbtelestroke.tipousuario
CREATE TABLE IF NOT EXISTS `tipousuario` (
  `IdUsuarioTipo` varchar(10) NOT NULL DEFAULT '',
  `UsuarioTipo` varchar(45) DEFAULT NULL,
  PRIMARY KEY (`IdUsuarioTipo`),
  UNIQUE KEY `Unico` (`UsuarioTipo`)
) ENGINE=InnoDB DEFAULT CHARSET=latin1;

-- Volcando datos para la tabla dbtelestroke.tipousuario: ~6 rows (aproximadamente)
DELETE FROM `tipousuario`;
/*!40000 ALTER TABLE `tipousuario` DISABLE KEYS */;
INSERT INTO `tipousuario` (`IdUsuarioTipo`, `UsuarioTipo`) VALUES
	('ADMIN', 'Administrador'),
	('ENFERMERO', 'Enfermero'),
	('MEDGEN', 'Médico General'),
	('MEDURG', 'Médico Urgenciólogo'),
	('NEURO', 'Neurólogo'),
	('RADIOLOGO', 'Radiólogo');
/*!40000 ALTER TABLE `tipousuario` ENABLE KEYS */;

-- Volcando estructura para tabla dbtelestroke.usuariosacv
CREATE TABLE IF NOT EXISTS `usuariosacv` (
  `UsuarioID` varchar(64) NOT NULL DEFAULT '',
  `UsuarioNombre` varchar(255) DEFAULT NULL,
  `UsuarioClave` varchar(255) DEFAULT NULL,
  `IdUsuarioTipo` varchar(10) DEFAULT NULL,
  `IdTipoDocIdent` varchar(3) DEFAULT NULL,
  `NumeroDocIdentidad` varchar(255) DEFAULT NULL,
  `PrimerNombre` varchar(255) DEFAULT NULL,
  `SegundoNombre` varchar(255) DEFAULT NULL,
  `PrimerApellido` varchar(255) DEFAULT NULL,
  `SegundoApellido` varchar(255) DEFAULT NULL,
  `Sexo` varchar(10) DEFAULT NULL,
  `h_NumeroDocIdentidad` varchar(255) DEFAULT NULL,
  `h_PrimerNombre` varchar(255) DEFAULT NULL,
  `h_PrimerApellido` varchar(255) DEFAULT NULL,
  PRIMARY KEY (`UsuarioID`)
) ENGINE=InnoDB DEFAULT CHARSET=latin1;

-- Volcando datos para la tabla dbtelestroke.usuariosacv: ~2 rows (aproximadamente)
DELETE FROM `usuariosacv`;
/*!40000 ALTER TABLE `usuariosacv` DISABLE KEYS */;
INSERT INTO `usuariosacv` (`UsuarioID`, `UsuarioNombre`, `UsuarioClave`, `IdUsuarioTipo`, `IdTipoDocIdent`, `NumeroDocIdentidad`, `PrimerNombre`, `SegundoNombre`, `PrimerApellido`, `SegundoApellido`, `Sexo`, `h_NumeroDocIdentidad`, `h_PrimerNombre`, `h_PrimerApellido`) VALUES
	('admin', 'Administrador', '$2y$12$RVhjhsLQbc3DVKJjANYcD.aXemlhNqtWpm2eRhD/Ho1WeN5Wk.v7m', 'ADMIN', 'CC', 'PNSFbcizXMVTiD6jMaSl1WeMG8E=', 'DEeowlksVoqRExeZVayTTM0q', 'sB3i7c0zOhHxni5L92ygpXB0', 'essUQs+e1C25EpoyvJQiaXEG', 'lzgbF1iL+QnjMQBvM2omQYRn', 'M', '87cc7ab0d1fb6140c8b5383670d83d7cdf23a5e8a7fa4c140f7bba2bba32c6fb', '6335b68cb06d34e019e2c1ba3bc8890d7e7f6b487a257491371d1780d4593d47', '954db6a35f2b53731577a413a61c0c7cf3f7e8b391456853565907dd95df1ead'),
	('urgencias', 'Médico de Urgencias', '$2y$12$fgFHIJMd2UdVq6PTtt9JquYRPqVqpxOY/8dA4Z1QAnaA1Ubr2FE3u', 'MEDURG', 'CC', 'Eiwv/4GU86kOhli1LWzcQJs5rZU=', 'sqZpM9AtKloYTNbKDWp/9COj', 'aWyfYUxZWVfR01oEyO+rDChq', 'w4QSTyy1YOgW9hk7XPtG59gk', 'RZ1yCHirzUv/lQDeEDEkl1To', 'M', '918e220b2b7953e3c6b1e80d0d280246c50ae7f856ad9a4c375ac90f847a1b1a', '6335b68cb06d34e019e2c1ba3bc8890d7e7f6b487a257491371d1780d4593d47', '954db6a35f2b53731577a413a61c0c7cf3f7e8b391456853565907dd95df1ead');
/*!40000 ALTER TABLE `usuariosacv` ENABLE KEYS */;

/*!40101 SET SQL_MODE=IFNULL(@OLD_SQL_MODE, '') */;
/*!40014 SET FOREIGN_KEY_CHECKS=IF(@OLD_FOREIGN_KEY_CHECKS IS NULL, 1, @OLD_FOREIGN_KEY_CHECKS) */;
/*!40101 SET CHARACTER_SET_CLIENT=@OLD_CHARACTER_SET_CLIENT */;
